source_name,extracted_at,location_id,city_name,country_code,date,latitude,longitude,timezone,temperature_2m_max,temperature_2m_min,temperature_2m_mean,precipitation_sum,rain_sum,snowfall_sum,wind_speed_10m_max
forecast,2026-06-08T09:00:42+00:00,900001,Almería,ES,2026-06-08,36.875,-2.4375,Europe/Madrid,26.9,21.0,24.0,0.0,0.0,0.0,16.6
forecast,2026-06-08T09:00:42+00:00,900001,Almería,ES,2026-06-09,36.875,-2.4375,Europe/Madrid,28.1,21.3,24.0,0.0,0.0,0.0,15.5
forecast,2026-06-08T09:00:42+00:00,900001,Almería,ES,2026-06-10,36.875,-2.4375,Europe/Madrid,30.0,21.6,25.7,0.0,0.0,0.0,21.4
forecast,2026-06-08T09:00:42+00:00,900001,Almería,ES,2026-06-11,36.875,-2.4375,Europe/Madrid,30.4,22.8,26.4,0.0,0.0,0.0,25.9
forecast,2026-06-08T09:00:42+00:00,900001,Almería,ES,2026-06-12,36.875,-2.4375,Europe/Madrid,32.4,23.5,27.4,0.0,0.0,0.0,20.9
forecast,2026-06-08T09:00:42+00:00,900001,Almería,ES,2026-06-13,36.875,-2.4375,Europe/Madrid,33.7,23.4,28.2,0.0,0.0,0.0,28.5
forecast,2026-06-08T09:00:42+00:00,900001,Almería,ES,2026-06-14,36.875,-2.4375,Europe/Madrid,31.7,24.0,27.5,0.6,0.0,0.0,28.2
forecast,2026-06-08T09:00:42+00:00,900002,Cádiz,ES,2026-06-08,36.5,-6.3125,Europe/Madrid,22.6,21.2,21.9,0.0,0.0,0.0,16.1
forecast,2026-06-08T09:00:42+00:00,900002,Cádiz,ES,2026-06-09,36.5,-6.3125,Europe/Madrid,23.1,21.3,22.0,0.0,0.0,0.0,14.8
forecast,2026-06-08T09:00:42+00:00,900002,Cádiz,ES,2026-06-10,36.5,-6.3125,Europe/Madrid,23.4,20.3,21.7,0.0,0.0,0.0,15.2
forecast,2026-06-08T09:00:42+00:00,900002,Cádiz,ES,2026-06-11,36.5,-6.3125,Europe/Madrid,26.5,22.6,24.3,0.0,0.0,0.0,39.2
forecast,2026-06-08T09:00:42+00:00,900002,Cádiz,ES,2026-06-12,36.5,-6.3125,Europe/Madrid,26.6,21.8,24.0,0.0,0.0,0.0,39.0
forecast,2026-06-08T09:00:42+00:00,900002,Cádiz,ES,2026-06-13,36.5,-6.3125,Europe/Madrid,31.6,21.2,26.4,0.0,0.0,0.0,26.9
forecast,2026-06-08T09:00:42+00:00,900002,Cádiz,ES,2026-06-14,36.5,-6.3125,Europe/Madrid,26.4,19.5,22.9,12.9,12.3,0.0,20.1
forecast,2026-06-08T09:00:42+00:00,900003,Córdoba,ES,2026-06-08,37.875,-4.75,Europe/Madrid,36.0,20.6,28.1,0.0,0.0,0.0,14.8
forecast,2026-06-08T09:00:42+00:00,900003,Córdoba,ES,2026-06-09,37.875,-4.75,Europe/Madrid,37.6,18.9,28.7,0.0,0.0,0.0,14.3
forecast,2026-06-08T09:00:42+00:00,900003,Córdoba,ES,2026-06-10,37.875,-4.75,Europe/Madrid,37.3,20.7,29.2,0.0,0.0,0.0,14.6
forecast,2026-06-08T09:00:42+00:00,900003,Córdoba,ES,2026-06-11,37.875,-4.75,Europe/Madrid,36.4,21.1,28.0,0.0,0.0,0.0,21.8
forecast,2026-06-08T09:00:42+00:00,900003,Córdoba,ES,2026-06-12,37.875,-4.75,Europe/Madrid,37.9,20.4,28.7,0.0,0.0,0.0,12.4
forecast,2026-06-08T09:00:42+00:00,900003,Córdoba,ES,2026-06-13,37.875,-4.75,Europe/Madrid,38.0,17.8,28.4,0.0,0.0,0.0,12.8
forecast,2026-06-08T09:00:42+00:00,900003,Córdoba,ES,2026-06-14,37.875,-4.75,Europe/Madrid,27.5,22.3,24.7,1.8,0.0,0.0,14.5
forecast,2026-06-08T09:00:42+00:00,900004,Granada,ES,2026-06-08,37.1875,-3.625,Europe/Madrid,33.0,17.2,25.1,0.0,0.0,0.0,13.4
forecast,2026-06-08T09:00:42+00:00,900004,Granada,ES,2026-06-09,37.1875,-3.625,Europe/Madrid,33.8,17.3,25.4,0.0,0.0,0.0,13.0
forecast,2026-06-08T09:00:42+00:00,900004,Granada,ES,2026-06-10,37.1875,-3.625,Europe/Madrid,33.0,17.0,24.7,0.0,0.0,0.0,18.1
forecast,2026-06-08T09:00:42+00:00,900004,Granada,ES,2026-06-11,37.1875,-3.625,Europe/Madrid,31.6,17.7,24.8,0.0,0.0,0.0,14.0
forecast,2026-06-08T09:00:42+00:00,900004,Granada,ES,2026-06-12,37.1875,-3.625,Europe/Madrid,34.5,18.0,25.5,0.0,0.0,0.0,10.0
forecast,2026-06-08T09:00:42+00:00,900004,Granada,ES,2026-06-13,37.1875,-3.625,Europe/Madrid,33.0,18.4,25.7,0.0,0.0,0.0,14.1
forecast,2026-06-08T09:00:42+00:00,900004,Granada,ES,2026-06-14,37.1875,-3.625,Europe/Madrid,28.5,19.9,23.7,0.9,0.0,0.0,7.4
forecast,2026-06-08T09:00:42+00:00,900005,Huelva,ES,2026-06-08,37.25,-6.9375,Europe/Madrid,33.0,18.4,25.1,0.0,0.0,0.0,14.8
forecast,2026-06-08T09:00:42+00:00,900005,Huelva,ES,2026-06-09,37.25,-6.9375,Europe/Madrid,32.2,18.7,24.8,0.0,0.0,0.0,16.1
forecast,2026-06-08T09:00:42+00:00,900005,Huelva,ES,2026-06-10,37.25,-6.9375,Europe/Madrid,27.2,19.5,23.8,0.0,0.0,0.0,15.6
forecast,2026-06-08T09:00:42+00:00,900005,Huelva,ES,2026-06-11,37.25,-6.9375,Europe/Madrid,31.3,19.5,24.8,0.0,0.0,0.0,17.2
forecast,2026-06-08T09:00:42+00:00,900005,Huelva,ES,2026-06-12,37.25,-6.9375,Europe/Madrid,30.1,20.3,25.0,0.0,0.0,0.0,16.9
forecast,2026-06-08T09:00:42+00:00,900005,Huelva,ES,2026-06-13,37.25,-6.9375,Europe/Madrid,30.6,18.6,24.5,0.0,0.0,0.0,14.8
forecast,2026-06-08T09:00:42+00:00,900005,Huelva,ES,2026-06-14,37.25,-6.9375,Europe/Madrid,25.7,20.5,22.7,5.4,3.9,0.0,15.8
forecast,2026-06-08T09:00:42+00:00,900006,Jaén,ES,2026-06-08,37.8125,-3.8125,Europe/Madrid,33.6,19.5,26.8,0.0,0.0,0.0,16.6
forecast,2026-06-08T09:00:42+00:00,900006,Jaén,ES,2026-06-09,37.8125,-3.8125,Europe/Madrid,35.2,19.6,28.1,0.0,0.0,0.0,17.8
forecast,2026-06-08T09:00:42+00:00,900006,Jaén,ES,2026-06-10,37.8125,-3.8125,Europe/Madrid,34.7,20.1,27.9,0.0,0.0,0.0,16.0
forecast,2026-06-08T09:00:42+00:00,900006,Jaén,ES,2026-06-11,37.8125,-3.8125,Europe/Madrid,35.4,19.5,27.4,0.0,0.0,0.0,15.8
forecast,2026-06-08T09:00:42+00:00,900006,Jaén,ES,2026-06-12,37.8125,-3.8125,Europe/Madrid,35.8,19.9,27.6,0.0,0.0,0.0,17.1
forecast,2026-06-08T09:00:42+00:00,900006,Jaén,ES,2026-06-13,37.8125,-3.8125,Europe/Madrid,36.5,21.8,28.8,0.3,0.0,0.0,18.0
forecast,2026-06-08T09:00:42+00:00,900006,Jaén,ES,2026-06-14,37.8125,-3.8125,Europe/Madrid,29.4,20.7,25.0,0.0,0.0,0.0,18.8
forecast,2026-06-08T09:00:42+00:00,900007,Málaga,ES,2026-06-08,36.75,-4.4375,Europe/Madrid,26.5,19.6,23.4,0.0,0.0,0.0,12.9
forecast,2026-06-08T09:00:42+00:00,900007,Málaga,ES,2026-06-09,36.75,-4.4375,Europe/Madrid,26.4,20.4,23.0,0.0,0.0,0.0,11.6
forecast,2026-06-08T09:00:42+00:00,900007,Málaga,ES,2026-06-10,36.75,-4.4375,Europe/Madrid,26.3,20.4,23.2,0.0,0.0,0.0,14.7
forecast,2026-06-08T09:00:42+00:00,900007,Málaga,ES,2026-06-11,36.75,-4.4375,Europe/Madrid,26.2,21.3,23.4,0.0,0.0,0.0,17.1
forecast,2026-06-08T09:00:42+00:00,900007,Málaga,ES,2026-06-12,36.75,-4.4375,Europe/Madrid,27.4,19.9,23.5,0.0,0.0,0.0,16.2
forecast,2026-06-08T09:00:42+00:00,900007,Málaga,ES,2026-06-13,36.75,-4.4375,Europe/Madrid,28.1,21.3,24.2,0.0,0.0,0.0,11.2
forecast,2026-06-08T09:00:42+00:00,900007,Málaga,ES,2026-06-14,36.75,-4.4375,Europe/Madrid,26.1,22.3,23.9,1.8,0.0,0.0,11.1
forecast,2026-06-08T09:00:42+00:00,900008,Sevilla,ES,2026-06-08,37.375,-6.0,Europe/Madrid,35.0,19.7,26.8,0.0,0.0,0.0,13.2
forecast,2026-06-08T09:00:42+00:00,900008,Sevilla,ES,2026-06-09,37.375,-6.0,Europe/Madrid,36.2,20.7,28.1,0.0,0.0,0.0,13.6
forecast,2026-06-08T09:00:42+00:00,900008,Sevilla,ES,2026-06-10,37.375,-6.0,Europe/Madrid,34.8,19.3,26.4,0.0,0.0,0.0,13.8
forecast,2026-06-08T09:00:42+00:00,900008,Sevilla,ES,2026-06-11,37.375,-6.0,Europe/Madrid,36.1,20.7,28.0,0.0,0.0,0.0,11.0
forecast,2026-06-08T09:00:42+00:00,900008,Sevilla,ES,2026-06-12,37.375,-6.0,Europe/Madrid,37.0,21.6,29.1,0.0,0.0,0.0,14.3
forecast,2026-06-08T09:00:42+00:00,900008,Sevilla,ES,2026-06-13,37.375,-6.0,Europe/Madrid,36.1,20.0,28.3,0.0,0.0,0.0,16.3
forecast,2026-06-08T09:00:42+00:00,900008,Sevilla,ES,2026-06-14,37.375,-6.0,Europe/Madrid,27.1,20.0,23.2,11.1,1.8,0.0,12.8
forecast,2026-06-08T09:00:42+00:00,900009,Huesca,ES,2026-06-08,42.14,-0.40999985,Europe/Madrid,33.0,17.6,25.5,0.0,0.0,0.0,18.9
forecast,2026-06-08T09:00:42+00:00,900009,Huesca,ES,2026-06-09,42.14,-0.40999985,Europe/Madrid,28.2,18.0,23.0,0.0,0.1,0.0,25.5
forecast,2026-06-08T09:00:42+00:00,900009,Huesca,ES,2026-06-10,42.14,-0.40999985,Europe/Madrid,27.3,15.2,21.4,0.0,0.0,0.0,30.6
forecast,2026-06-08T09:00:42+00:00,900009,Huesca,ES,2026-06-11,42.14,-0.40999985,Europe/Madrid,29.3,14.7,21.3,0.0,0.0,0.0,27.5
forecast,2026-06-08T09:00:42+00:00,900009,Huesca,ES,2026-06-12,42.14,-0.40999985,Europe/Madrid,31.6,17.4,24.2,0.0,0.0,0.0,12.9
forecast,2026-06-08T09:00:42+00:00,900009,Huesca,ES,2026-06-13,42.14,-0.40999985,Europe/Madrid,32.7,20.3,26.4,0.0,0.0,0.0,13.7
forecast,2026-06-08T09:00:42+00:00,900009,Huesca,ES,2026-06-14,42.14,-0.40999985,Europe/Madrid,32.7,21.4,27.0,0.0,0.0,0.0,19.3
forecast,2026-06-08T09:00:42+00:00,900010,Teruel,ES,2026-06-08,40.375,-1.125,Europe/Madrid,31.5,14.4,23.0,0.0,0.0,0.0,18.0
forecast,2026-06-08T09:00:42+00:00,900010,Teruel,ES,2026-06-09,40.375,-1.125,Europe/Madrid,28.7,14.4,21.0,0.1,0.0,0.0,20.1
forecast,2026-06-08T09:00:42+00:00,900010,Teruel,ES,2026-06-10,40.375,-1.125,Europe/Madrid,25.3,13.8,19.1,0.0,0.0,0.0,18.7
forecast,2026-06-08T09:00:42+00:00,900010,Teruel,ES,2026-06-11,40.375,-1.125,Europe/Madrid,28.2,11.6,19.3,0.0,0.0,0.0,16.6
forecast,2026-06-08T09:00:42+00:00,900010,Teruel,ES,2026-06-12,40.375,-1.125,Europe/Madrid,29.2,11.5,20.7,0.0,0.0,0.0,14.1
forecast,2026-06-08T09:00:42+00:00,900010,Teruel,ES,2026-06-13,40.375,-1.125,Europe/Madrid,30.6,13.3,22.0,0.0,0.0,0.0,18.4
forecast,2026-06-08T09:00:42+00:00,900010,Teruel,ES,2026-06-14,40.375,-1.125,Europe/Madrid,28.3,13.2,20.8,0.0,0.0,0.0,24.5
forecast,2026-06-08T09:00:42+00:00,900011,Zaragoza,ES,2026-06-08,41.625,-0.875,Europe/Madrid,33.9,19.0,25.3,0.0,0.0,0.0,25.1
forecast,2026-06-08T09:00:42+00:00,900011,Zaragoza,ES,2026-06-09,41.625,-0.875,Europe/Madrid,27.0,17.4,21.7,0.0,0.0,0.0,24.7
forecast,2026-06-08T09:00:42+00:00,900011,Zaragoza,ES,2026-06-10,41.625,-0.875,Europe/Madrid,24.7,14.0,18.8,0.0,0.0,0.0,26.5
forecast,2026-06-08T09:00:42+00:00,900011,Zaragoza,ES,2026-06-11,41.625,-0.875,Europe/Madrid,28.4,13.8,20.2,0.0,0.0,0.0,26.3
forecast,2026-06-08T09:00:42+00:00,900011,Zaragoza,ES,2026-06-12,41.625,-0.875,Europe/Madrid,32.9,16.5,24.0,0.0,0.0,0.0,15.6
forecast,2026-06-08T09:00:42+00:00,900011,Zaragoza,ES,2026-06-13,41.625,-0.875,Europe/Madrid,35.1,19.5,27.0,0.0,0.0,0.0,18.6
forecast,2026-06-08T09:00:42+00:00,900011,Zaragoza,ES,2026-06-14,41.625,-0.875,Europe/Madrid,32.3,19.3,25.3,0.0,0.0,0.0,25.3
forecast,2026-06-08T09:00:42+00:00,900012,Oviedo,ES,2026-06-08,43.36,-5.86,Europe/Madrid,22.9,15.0,17.8,0.1,0.1,0.0,16.6
forecast,2026-06-08T09:00:42+00:00,900012,Oviedo,ES,2026-06-09,43.36,-5.86,Europe/Madrid,18.3,13.9,15.6,0.3,0.4,0.0,14.4
forecast,2026-06-08T09:00:42+00:00,900012,Oviedo,ES,2026-06-10,43.36,-5.86,Europe/Madrid,20.2,11.4,15.7,0.0,0.0,0.0,12.7
forecast,2026-06-08T09:00:42+00:00,900012,Oviedo,ES,2026-06-11,43.36,-5.86,Europe/Madrid,24.1,11.2,17.6,0.0,0.0,0.0,16.9
forecast,2026-06-08T09:00:42+00:00,900012,Oviedo,ES,2026-06-12,43.36,-5.86,Europe/Madrid,24.3,11.1,17.8,0.0,0.0,0.0,13.7
forecast,2026-06-08T09:00:42+00:00,900012,Oviedo,ES,2026-06-13,43.36,-5.86,Europe/Madrid,29.4,13.9,21.4,0.0,0.0,0.0,5.4
forecast,2026-06-08T09:00:42+00:00,900012,Oviedo,ES,2026-06-14,43.36,-5.86,Europe/Madrid,30.9,16.2,22.9,0.0,0.0,0.0,5.9
forecast,2026-06-08T09:00:42+00:00,900013,Palma,ES,2026-06-08,39.5625,2.625,Europe/Madrid,26.1,19.5,23.0,0.0,0.0,0.0,11.9
forecast,2026-06-08T09:00:42+00:00,900013,Palma,ES,2026-06-09,39.5625,2.625,Europe/Madrid,26.2,20.8,23.3,0.0,0.0,0.0,20.0
forecast,2026-06-08T09:00:42+00:00,900013,Palma,ES,2026-06-10,39.5625,2.625,Europe/Madrid,25.3,19.7,22.2,0.0,0.0,0.0,22.0
forecast,2026-06-08T09:00:42+00:00,900013,Palma,ES,2026-06-11,39.5625,2.625,Europe/Madrid,24.9,19.0,21.7,0.0,0.0,0.0,18.1
forecast,2026-06-08T09:00:42+00:00,900013,Palma,ES,2026-06-12,39.5625,2.625,Europe/Madrid,27.1,18.3,22.7,0.0,0.0,0.0,7.3
forecast,2026-06-08T09:00:42+00:00,900013,Palma,ES,2026-06-13,39.5625,2.625,Europe/Madrid,30.4,18.1,24.5,0.0,0.0,0.0,11.1
forecast,2026-06-08T09:00:42+00:00,900013,Palma,ES,2026-06-14,39.5625,2.625,Europe/Madrid,29.9,19.3,24.5,0.0,0.0,0.0,17.9
forecast,2026-06-08T09:00:42+00:00,900014,Las Palmas de Gran Canaria,ES,2026-06-08,28.084358,-15.457642,Atlantic/Canary,22.1,18.5,20.0,0.1,0.1,0.0,19.3
forecast,2026-06-08T09:00:42+00:00,900014,Las Palmas de Gran Canaria,ES,2026-06-09,28.084358,-15.457642,Atlantic/Canary,22.4,18.2,20.0,0.3,0.3,0.0,19.3
forecast,2026-06-08T09:00:42+00:00,900014,Las Palmas de Gran Canaria,ES,2026-06-10,28.084358,-15.457642,Atlantic/Canary,22.2,18.3,19.7,1.3,1.2,0.0,18.4
forecast,2026-06-08T09:00:42+00:00,900014,Las Palmas de Gran Canaria,ES,2026-06-11,28.084358,-15.457642,Atlantic/Canary,23.0,17.6,20.1,0.0,0.0,0.0,14.3
forecast,2026-06-08T09:00:42+00:00,900014,Las Palmas de Gran Canaria,ES,2026-06-12,28.084358,-15.457642,Atlantic/Canary,24.0,18.0,21.0,0.0,0.0,0.0,15.3
forecast,2026-06-08T09:00:42+00:00,900014,Las Palmas de Gran Canaria,ES,2026-06-13,28.084358,-15.457642,Atlantic/Canary,23.5,19.0,21.1,0.0,0.0,0.0,20.9
forecast,2026-06-08T09:00:42+00:00,900014,Las Palmas de Gran Canaria,ES,2026-06-14,28.084358,-15.457642,Atlantic/Canary,22.8,18.5,20.5,0.0,0.0,0.0,19.3
forecast,2026-06-08T09:00:42+00:00,900015,Santa Cruz de Tenerife,ES,2026-06-08,28.50615,-16.279877,Atlantic/Canary,22.0,18.3,19.9,1.0,0.6,0.0,20.0
forecast,2026-06-08T09:00:42+00:00,900015,Santa Cruz de Tenerife,ES,2026-06-09,28.50615,-16.279877,Atlantic/Canary,22.6,18.0,20.0,1.8,0.1,0.0,20.2
forecast,2026-06-08T09:00:42+00:00,900015,Santa Cruz de Tenerife,ES,2026-06-10,28.50615,-16.279877,Atlantic/Canary,22.3,18.1,19.7,1.3,0.5,0.0,18.9
forecast,2026-06-08T09:00:42+00:00,900015,Santa Cruz de Tenerife,ES,2026-06-11,28.50615,-16.279877,Atlantic/Canary,23.2,17.8,19.9,0.0,0.0,0.0,13.7
forecast,2026-06-08T09:00:42+00:00,900015,Santa Cruz de Tenerife,ES,2026-06-12,28.50615,-16.279877,Atlantic/Canary,25.2,17.0,20.8,0.0,0.0,0.0,11.2
forecast,2026-06-08T09:00:42+00:00,900015,Santa Cruz de Tenerife,ES,2026-06-13,28.50615,-16.279877,Atlantic/Canary,24.6,17.6,20.9,0.0,0.0,0.0,13.7
forecast,2026-06-08T09:00:42+00:00,900015,Santa Cruz de Tenerife,ES,2026-06-14,28.50615,-16.279877,Atlantic/Canary,23.7,17.9,20.6,0.0,0.0,0.0,15.1
forecast,2026-06-08T09:00:42+00:00,900016,Santander,ES,2026-06-08,43.46,-3.8100004,Europe/Madrid,19.8,17.2,18.2,1.1,1.0,0.0,14.7
forecast,2026-06-08T09:00:42+00:00,900016,Santander,ES,2026-06-09,43.46,-3.8100004,Europe/Madrid,18.9,16.6,17.5,0.1,0.2,0.0,16.9
forecast,2026-06-08T09:00:42+00:00,900016,Santander,ES,2026-06-10,43.46,-3.8100004,Europe/Madrid,18.3,14.2,16.2,1.15,1.13,0.0,8.6
forecast,2026-06-08T09:00:42+00:00,900016,Santander,ES,2026-06-11,43.46,-3.8100004,Europe/Madrid,22.0,11.2,16.8,0.0,0.0,0.0,15.9
forecast,2026-06-08T09:00:42+00:00,900016,Santander,ES,2026-06-12,43.46,-3.8100004,Europe/Madrid,24.3,12.6,18.8,0.0,0.0,0.0,24.3
forecast,2026-06-08T09:00:42+00:00,900016,Santander,ES,2026-06-13,43.46,-3.8100004,Europe/Madrid,32.3,15.2,24.0,0.0,0.0,0.0,20.1
forecast,2026-06-08T09:00:42+00:00,900016,Santander,ES,2026-06-14,43.46,-3.8100004,Europe/Madrid,28.5,22.4,25.2,0.0,0.0,0.0,13.9
forecast,2026-06-08T09:00:42+00:00,900017,Albacete,ES,2026-06-08,39.0,-1.875,Europe/Madrid,33.8,16.6,24.8,0.0,0.0,0.0,14.6
forecast,2026-06-08T09:00:42+00:00,900017,Albacete,ES,2026-06-09,39.0,-1.875,Europe/Madrid,31.1,17.2,24.5,0.0,0.0,0.0,17.6
forecast,2026-06-08T09:00:42+00:00,900017,Albacete,ES,2026-06-10,39.0,-1.875,Europe/Madrid,29.7,18.2,23.2,0.2,0.0,0.0,18.2
forecast,2026-06-08T09:00:42+00:00,900017,Albacete,ES,2026-06-11,39.0,-1.875,Europe/Madrid,28.4,15.7,21.7,0.0,0.0,0.0,17.1
forecast,2026-06-08T09:00:42+00:00,900017,Albacete,ES,2026-06-12,39.0,-1.875,Europe/Madrid,28.0,14.6,21.1,0.0,0.0,0.0,18.7
forecast,2026-06-08T09:00:42+00:00,900017,Albacete,ES,2026-06-13,39.0,-1.875,Europe/Madrid,30.4,15.0,22.4,0.0,0.0,0.0,21.7
forecast,2026-06-08T09:00:42+00:00,900017,Albacete,ES,2026-06-14,39.0,-1.875,Europe/Madrid,28.2,15.5,21.9,0.0,0.0,0.0,20.4
forecast,2026-06-08T09:00:42+00:00,900018,Ciudad Real,ES,2026-06-08,39.0,-3.9375,Europe/Madrid,33.2,18.5,25.9,0.0,0.0,0.0,17.3
forecast,2026-06-08T09:00:42+00:00,900018,Ciudad Real,ES,2026-06-09,39.0,-3.9375,Europe/Madrid,33.8,15.0,25.3,0.0,0.0,0.0,13.4
forecast,2026-06-08T09:00:42+00:00,900018,Ciudad Real,ES,2026-06-10,39.0,-3.9375,Europe/Madrid,33.5,17.5,25.9,0.0,0.0,0.0,9.2
forecast,2026-06-08T09:00:42+00:00,900018,Ciudad Real,ES,2026-06-11,39.0,-3.9375,Europe/Madrid,33.6,17.9,25.9,0.0,0.0,0.0,21.1
forecast,2026-06-08T09:00:42+00:00,900018,Ciudad Real,ES,2026-06-12,39.0,-3.9375,Europe/Madrid,33.8,17.3,25.7,0.0,0.0,0.0,21.5
forecast,2026-06-08T09:00:42+00:00,900018,Ciudad Real,ES,2026-06-13,39.0,-3.9375,Europe/Madrid,35.2,17.6,26.4,0.0,0.0,0.0,12.5
forecast,2026-06-08T09:00:42+00:00,900018,Ciudad Real,ES,2026-06-14,39.0,-3.9375,Europe/Madrid,30.9,18.7,25.0,0.3,0.0,0.0,11.6
forecast,2026-06-08T09:00:42+00:00,900019,Cuenca,ES,2026-06-08,40.0625,-2.125,Europe/Madrid,30.5,15.1,23.2,0.0,0.0,0.0,15.3
forecast,2026-06-08T09:00:42+00:00,900019,Cuenca,ES,2026-06-09,40.0625,-2.125,Europe/Madrid,29.8,16.9,23.3,0.0,0.0,0.0,20.3
forecast,2026-06-08T09:00:42+00:00,900019,Cuenca,ES,2026-06-10,40.0625,-2.125,Europe/Madrid,27.5,16.4,21.6,0.0,0.0,0.0,16.8
forecast,2026-06-08T09:00:42+00:00,900019,Cuenca,ES,2026-06-11,40.0625,-2.125,Europe/Madrid,27.8,14.6,21.1,0.0,0.0,0.0,15.8
forecast,2026-06-08T09:00:42+00:00,900019,Cuenca,ES,2026-06-12,40.0625,-2.125,Europe/Madrid,28.6,14.3,21.6,0.0,0.0,0.0,17.5
forecast,2026-06-08T09:00:42+00:00,900019,Cuenca,ES,2026-06-13,40.0625,-2.125,Europe/Madrid,28.3,15.0,21.8,0.0,0.0,0.0,16.8
forecast,2026-06-08T09:00:42+00:00,900019,Cuenca,ES,2026-06-14,40.0625,-2.125,Europe/Madrid,27.7,15.5,21.5,0.0,0.0,0.0,19.9
forecast,2026-06-08T09:00:42+00:00,900020,Guadalajara,ES,2026-06-08,40.625,-3.1875,Europe/Madrid,31.9,17.8,25.5,0.0,0.0,0.0,16.6
forecast,2026-06-08T09:00:42+00:00,900020,Guadalajara,ES,2026-06-09,40.625,-3.1875,Europe/Madrid,31.6,15.6,23.8,0.0,0.0,0.0,25.3
forecast,2026-06-08T09:00:42+00:00,900020,Guadalajara,ES,2026-06-10,40.625,-3.1875,Europe/Madrid,29.2,15.9,22.0,0.0,0.0,0.0,23.3
forecast,2026-06-08T09:00:42+00:00,900020,Guadalajara,ES,2026-06-11,40.625,-3.1875,Europe/Madrid,31.0,14.2,22.3,0.0,0.0,0.0,20.1
forecast,2026-06-08T09:00:42+00:00,900020,Guadalajara,ES,2026-06-12,40.625,-3.1875,Europe/Madrid,32.8,16.6,24.9,0.0,0.0,0.0,11.1
forecast,2026-06-08T09:00:42+00:00,900020,Guadalajara,ES,2026-06-13,40.625,-3.1875,Europe/Madrid,33.3,16.1,25.4,0.0,0.0,0.0,15.9
forecast,2026-06-08T09:00:42+00:00,900020,Guadalajara,ES,2026-06-14,40.625,-3.1875,Europe/Madrid,33.1,18.0,25.6,0.0,0.0,0.0,18.8
forecast,2026-06-08T09:00:42+00:00,900021,Toledo,ES,2026-06-08,39.875,-4.0,Europe/Madrid,34.0,19.9,27.4,0.0,0.0,0.0,18.6
forecast,2026-06-08T09:00:42+00:00,900021,Toledo,ES,2026-06-09,39.875,-4.0,Europe/Madrid,34.3,18.7,26.9,0.0,0.0,0.0,14.6
forecast,2026-06-08T09:00:42+00:00,900021,Toledo,ES,2026-06-10,39.875,-4.0,Europe/Madrid,32.8,18.7,26.1,0.0,0.0,0.0,13.0
forecast,2026-06-08T09:00:42+00:00,900021,Toledo,ES,2026-06-11,39.875,-4.0,Europe/Madrid,33.5,18.5,26.2,0.0,0.0,0.0,18.9
forecast,2026-06-08T09:00:42+00:00,900021,Toledo,ES,2026-06-12,39.875,-4.0,Europe/Madrid,34.1,19.6,27.0,0.0,0.0,0.0,18.9
forecast,2026-06-08T09:00:42+00:00,900021,Toledo,ES,2026-06-13,39.875,-4.0,Europe/Madrid,35.7,19.8,27.6,0.0,0.0,0.0,20.2
forecast,2026-06-08T09:00:42+00:00,900021,Toledo,ES,2026-06-14,39.875,-4.0,Europe/Madrid,34.7,20.6,26.4,0.0,0.0,0.0,21.0
forecast,2026-06-08T09:00:42+00:00,900022,Ávila,ES,2026-06-08,40.6875,-4.6875,Europe/Madrid,27.1,12.3,20.4,0.0,0.0,0.0,17.6
forecast,2026-06-08T09:00:42+00:00,900022,Ávila,ES,2026-06-09,40.6875,-4.6875,Europe/Madrid,25.5,10.6,18.6,0.0,0.0,0.0,17.7
forecast,2026-06-08T09:00:42+00:00,900022,Ávila,ES,2026-06-10,40.6875,-4.6875,Europe/Madrid,23.9,8.8,16.5,0.0,0.0,0.0,19.4
forecast,2026-06-08T09:00:42+00:00,900022,Ávila,ES,2026-06-11,40.6875,-4.6875,Europe/Madrid,28.0,9.2,19.1,0.0,0.0,0.0,16.1
forecast,2026-06-08T09:00:42+00:00,900022,Ávila,ES,2026-06-12,40.6875,-4.6875,Europe/Madrid,29.7,16.5,22.8,0.0,0.0,0.0,19.9
forecast,2026-06-08T09:00:42+00:00,900022,Ávila,ES,2026-06-13,40.6875,-4.6875,Europe/Madrid,29.9,18.0,23.5,0.0,0.0,0.0,24.2
forecast,2026-06-08T09:00:42+00:00,900022,Ávila,ES,2026-06-14,40.6875,-4.6875,Europe/Madrid,28.3,18.7,22.7,0.0,0.0,0.0,23.2
forecast,2026-06-08T09:00:42+00:00,900023,Burgos,ES,2026-06-08,42.34,-3.6999998,Europe/Madrid,28.4,13.6,19.3,0.0,0.0,0.0,26.8
forecast,2026-06-08T09:00:42+00:00,900023,Burgos,ES,2026-06-09,42.34,-3.6999998,Europe/Madrid,20.6,10.9,14.6,0.0,0.0,0.0,25.0
forecast,2026-06-08T09:00:42+00:00,900023,Burgos,ES,2026-06-10,42.34,-3.6999998,Europe/Madrid,22.0,8.3,14.1,0.0,0.0,0.0,33.1
forecast,2026-06-08T09:00:42+00:00,900023,Burgos,ES,2026-06-11,42.34,-3.6999998,Europe/Madrid,24.1,9.1,16.1,0.0,0.0,0.0,32.9
forecast,2026-06-08T09:00:42+00:00,900023,Burgos,ES,2026-06-12,42.34,-3.6999998,Europe/Madrid,27.0,11.1,18.6,0.0,0.0,0.0,33.7
forecast,2026-06-08T09:00:42+00:00,900023,Burgos,ES,2026-06-13,42.34,-3.6999998,Europe/Madrid,32.4,12.3,23.0,0.0,0.0,0.0,24.7
forecast,2026-06-08T09:00:42+00:00,900023,Burgos,ES,2026-06-14,42.34,-3.6999998,Europe/Madrid,31.5,18.0,24.3,0.6,0.0,0.0,17.2
forecast,2026-06-08T09:00:42+00:00,900024,León,ES,2026-06-08,42.6,-5.57,Europe/Madrid,28.3,13.9,20.4,0.0,0.0,0.0,22.8
forecast,2026-06-08T09:00:42+00:00,900024,León,ES,2026-06-09,42.6,-5.57,Europe/Madrid,25.5,11.0,16.9,0.0,0.0,0.0,19.5
forecast,2026-06-08T09:00:42+00:00,900024,León,ES,2026-06-10,42.6,-5.57,Europe/Madrid,25.0,10.5,16.6,0.0,0.0,0.0,22.8
forecast,2026-06-08T09:00:42+00:00,900024,León,ES,2026-06-11,42.6,-5.57,Europe/Madrid,28.5,11.7,19.2,0.0,0.0,0.0,20.0
forecast,2026-06-08T09:00:42+00:00,900024,León,ES,2026-06-12,42.6,-5.57,Europe/Madrid,29.8,13.5,22.4,0.0,0.0,0.0,16.6
forecast,2026-06-08T09:00:42+00:00,900024,León,ES,2026-06-13,42.6,-5.57,Europe/Madrid,31.4,16.9,24.0,0.6,0.3,0.0,15.7
forecast,2026-06-08T09:00:42+00:00,900024,León,ES,2026-06-14,42.6,-5.57,Europe/Madrid,30.6,18.6,23.6,2.4,0.6,0.0,11.0
forecast,2026-06-08T09:00:42+00:00,900025,Palencia,ES,2026-06-08,42.0,-4.5,Europe/Madrid,27.9,11.6,20.0,0.0,0.0,0.0,25.9
forecast,2026-06-08T09:00:42+00:00,900025,Palencia,ES,2026-06-09,42.0,-4.5,Europe/Madrid,24.2,12.3,17.1,0.0,0.0,0.0,22.2
forecast,2026-06-08T09:00:42+00:00,900025,Palencia,ES,2026-06-10,42.0,-4.5,Europe/Madrid,21.2,8.5,14.5,0.0,0.0,0.0,22.7
forecast,2026-06-08T09:00:42+00:00,900025,Palencia,ES,2026-06-11,42.0,-4.5,Europe/Madrid,26.9,8.0,16.8,0.0,0.0,0.0,20.7
forecast,2026-06-08T09:00:42+00:00,900025,Palencia,ES,2026-06-12,42.0,-4.5,Europe/Madrid,31.3,13.1,21.9,0.0,0.0,0.0,14.8
forecast,2026-06-08T09:00:42+00:00,900025,Palencia,ES,2026-06-13,42.0,-4.5,Europe/Madrid,32.9,14.1,24.1,0.0,0.0,0.0,10.4
forecast,2026-06-08T09:00:42+00:00,900025,Palencia,ES,2026-06-14,42.0,-4.5,Europe/Madrid,33.7,14.3,24.6,0.0,0.0,0.0,12.2
forecast,2026-06-08T09:00:42+00:00,900026,Salamanca,ES,2026-06-08,41.0,-5.6875,Europe/Madrid,27.4,12.9,20.8,0.0,0.0,0.0,16.3
forecast,2026-06-08T09:00:42+00:00,900026,Salamanca,ES,2026-06-09,41.0,-5.6875,Europe/Madrid,26.3,11.0,19.1,0.0,0.0,0.0,14.6
forecast,2026-06-08T09:00:42+00:00,900026,Salamanca,ES,2026-06-10,41.0,-5.6875,Europe/Madrid,24.7,9.4,17.4,0.0,0.0,0.0,16.7
forecast,2026-06-08T09:00:42+00:00,900026,Salamanca,ES,2026-06-11,41.0,-5.6875,Europe/Madrid,29.1,8.7,18.8,0.0,0.0,0.0,17.6
forecast,2026-06-08T09:00:42+00:00,900026,Salamanca,ES,2026-06-12,41.0,-5.6875,Europe/Madrid,32.1,13.6,23.3,0.0,0.0,0.0,13.8
forecast,2026-06-08T09:00:42+00:00,900026,Salamanca,ES,2026-06-13,41.0,-5.6875,Europe/Madrid,33.9,15.6,25.2,0.0,0.0,0.0,11.6
forecast,2026-06-08T09:00:42+00:00,900026,Salamanca,ES,2026-06-14,41.0,-5.6875,Europe/Madrid,31.2,15.9,23.6,0.0,0.0,0.0,19.1
forecast,2026-06-08T09:00:42+00:00,900027,Segovia,ES,2026-06-08,40.9375,-4.125,Europe/Madrid,27.6,13.5,20.7,0.0,0.0,0.0,16.0
forecast,2026-06-08T09:00:42+00:00,900027,Segovia,ES,2026-06-09,40.9375,-4.125,Europe/Madrid,26.0,9.5,18.0,0.0,0.0,0.0,13.5
forecast,2026-06-08T09:00:42+00:00,900027,Segovia,ES,2026-06-10,40.9375,-4.125,Europe/Madrid,24.3,8.1,16.1,0.0,0.0,0.0,15.6
forecast,2026-06-08T09:00:42+00:00,900027,Segovia,ES,2026-06-11,40.9375,-4.125,Europe/Madrid,28.3,8.7,18.1,0.0,0.0,0.0,12.2
forecast,2026-06-08T09:00:42+00:00,900027,Segovia,ES,2026-06-12,40.9375,-4.125,Europe/Madrid,29.9,14.1,22.4,0.0,0.0,0.0,9.7
forecast,2026-06-08T09:00:42+00:00,900027,Segovia,ES,2026-06-13,40.9375,-4.125,Europe/Madrid,30.3,19.0,24.3,0.0,0.0,0.0,12.0
forecast,2026-06-08T09:00:42+00:00,900027,Segovia,ES,2026-06-14,40.9375,-4.125,Europe/Madrid,29.9,19.3,24.4,0.0,0.0,0.0,17.4
forecast,2026-06-08T09:00:42+00:00,900028,Soria,ES,2026-06-08,41.75,-2.5,Europe/Madrid,27.8,12.6,20.3,0.0,0.0,0.0,21.3
forecast,2026-06-08T09:00:42+00:00,900028,Soria,ES,2026-06-09,41.75,-2.5,Europe/Madrid,23.1,10.1,15.4,0.0,0.0,0.0,23.2
forecast,2026-06-08T09:00:42+00:00,900028,Soria,ES,2026-06-10,41.75,-2.5,Europe/Madrid,19.9,7.0,13.0,0.0,0.0,0.0,24.8
forecast,2026-06-08T09:00:42+00:00,900028,Soria,ES,2026-06-11,41.75,-2.5,Europe/Madrid,24.7,5.6,15.1,0.0,0.0,0.0,17.3
forecast,2026-06-08T09:00:42+00:00,900028,Soria,ES,2026-06-12,41.75,-2.5,Europe/Madrid,28.7,10.3,19.3,0.0,0.0,0.0,16.1
forecast,2026-06-08T09:00:42+00:00,900028,Soria,ES,2026-06-13,41.75,-2.5,Europe/Madrid,31.0,11.5,22.0,0.0,0.0,0.0,8.4
forecast,2026-06-08T09:00:42+00:00,900028,Soria,ES,2026-06-14,41.75,-2.5,Europe/Madrid,29.4,14.5,21.9,0.0,0.0,0.0,16.9
forecast,2026-06-08T09:00:42+00:00,900029,Valladolid,ES,2026-06-08,41.625,-4.75,Europe/Madrid,29.0,12.3,21.5,0.0,0.0,0.0,19.1
forecast,2026-06-08T09:00:42+00:00,900029,Valladolid,ES,2026-06-09,41.625,-4.75,Europe/Madrid,26.1,12.5,18.7,0.0,0.0,0.0,16.8
forecast,2026-06-08T09:00:42+00:00,900029,Valladolid,ES,2026-06-10,41.625,-4.75,Europe/Madrid,23.6,9.7,16.1,0.0,0.0,0.0,17.7
forecast,2026-06-08T09:00:42+00:00,900029,Valladolid,ES,2026-06-11,41.625,-4.75,Europe/Madrid,28.7,8.5,18.1,0.0,0.0,0.0,14.8
forecast,2026-06-08T09:00:42+00:00,900029,Valladolid,ES,2026-06-12,41.625,-4.75,Europe/Madrid,32.7,13.5,23.0,0.0,0.0,0.0,10.8
forecast,2026-06-08T09:00:42+00:00,900029,Valladolid,ES,2026-06-13,41.625,-4.75,Europe/Madrid,33.2,16.0,25.6,0.0,0.0,0.0,10.1
forecast,2026-06-08T09:00:42+00:00,900029,Valladolid,ES,2026-06-14,41.625,-4.75,Europe/Madrid,34.4,15.1,25.5,0.0,0.0,0.0,13.9
forecast,2026-06-08T09:00:42+00:00,900030,Zamora,ES,2026-06-08,41.5,-5.75,Europe/Madrid,28.9,14.6,22.1,0.0,0.0,0.0,17.1
forecast,2026-06-08T09:00:42+00:00,900030,Zamora,ES,2026-06-09,41.5,-5.75,Europe/Madrid,26.4,11.2,19.4,0.0,0.0,0.0,16.3
forecast,2026-06-08T09:00:42+00:00,900030,Zamora,ES,2026-06-10,41.5,-5.75,Europe/Madrid,24.8,9.9,17.5,0.0,0.0,0.0,18.2
forecast,2026-06-08T09:00:42+00:00,900030,Zamora,ES,2026-06-11,41.5,-5.75,Europe/Madrid,29.3,8.7,18.7,0.0,0.0,0.0,18.2
forecast,2026-06-08T09:00:42+00:00,900030,Zamora,ES,2026-06-12,41.5,-5.75,Europe/Madrid,33.2,12.8,23.0,0.0,0.0,0.0,13.5
forecast,2026-06-08T09:00:42+00:00,900030,Zamora,ES,2026-06-13,41.5,-5.75,Europe/Madrid,34.7,16.3,25.6,0.0,0.0,0.0,7.8
forecast,2026-06-08T09:00:42+00:00,900030,Zamora,ES,2026-06-14,41.5,-5.75,Europe/Madrid,33.2,15.8,24.8,0.3,0.0,0.0,18.5
forecast,2026-06-08T09:00:42+00:00,900031,Barcelona,ES,2026-06-08,41.375,2.125,Europe/Madrid,25.5,18.4,22.2,0.0,0.0,0.0,12.3
forecast,2026-06-08T09:00:42+00:00,900031,Barcelona,ES,2026-06-09,41.375,2.125,Europe/Madrid,25.7,20.1,22.5,0.0,0.0,0.0,13.1
forecast,2026-06-08T09:00:42+00:00,900031,Barcelona,ES,2026-06-10,41.375,2.125,Europe/Madrid,21.9,20.0,21.1,1.0,0.0,0.0,13.7
forecast,2026-06-08T09:00:42+00:00,900031,Barcelona,ES,2026-06-11,41.375,2.125,Europe/Madrid,22.7,17.6,20.4,0.0,0.0,0.0,14.8
forecast,2026-06-08T09:00:42+00:00,900031,Barcelona,ES,2026-06-12,41.375,2.125,Europe/Madrid,26.4,18.6,22.6,0.0,0.0,0.0,14.3
forecast,2026-06-08T09:00:42+00:00,900031,Barcelona,ES,2026-06-13,41.375,2.125,Europe/Madrid,27.5,18.4,23.0,0.0,0.0,0.0,11.5
forecast,2026-06-08T09:00:42+00:00,900031,Barcelona,ES,2026-06-14,41.375,2.125,Europe/Madrid,27.6,18.9,23.0,0.0,0.0,0.0,11.8
forecast,2026-06-08T09:00:42+00:00,900032,Girona,ES,2026-06-08,42.0,2.8125,Europe/Madrid,27.8,16.0,22.4,0.0,0.0,0.0,16.9
forecast,2026-06-08T09:00:42+00:00,900032,Girona,ES,2026-06-09,42.0,2.8125,Europe/Madrid,23.6,18.3,20.8,0.0,0.0,0.0,15.9
forecast,2026-06-08T09:00:42+00:00,900032,Girona,ES,2026-06-10,42.0,2.8125,Europe/Madrid,23.2,16.9,19.5,0.2,0.0,0.0,14.9
forecast,2026-06-08T09:00:42+00:00,900032,Girona,ES,2026-06-11,42.0,2.8125,Europe/Madrid,25.9,16.4,20.4,0.0,0.0,0.0,9.2
forecast,2026-06-08T09:00:42+00:00,900032,Girona,ES,2026-06-12,42.0,2.8125,Europe/Madrid,30.8,13.5,22.0,0.0,0.0,0.0,14.8
forecast,2026-06-08T09:00:42+00:00,900032,Girona,ES,2026-06-13,42.0,2.8125,Europe/Madrid,26.5,14.7,21.0,0.0,0.0,0.0,17.8
forecast,2026-06-08T09:00:42+00:00,900032,Girona,ES,2026-06-14,42.0,2.8125,Europe/Madrid,30.2,12.8,21.6,0.0,0.0,0.0,22.7
forecast,2026-06-08T09:00:42+00:00,900033,Lleida,ES,2026-06-08,41.625,0.625,Europe/Madrid,34.6,18.6,25.8,0.0,0.0,0.0,19.9
forecast,2026-06-08T09:00:42+00:00,900033,Lleida,ES,2026-06-09,41.625,0.625,Europe/Madrid,30.8,19.3,24.4,0.0,0.0,0.0,19.0
forecast,2026-06-08T09:00:42+00:00,900033,Lleida,ES,2026-06-10,41.625,0.625,Europe/Madrid,29.4,16.5,22.5,0.0,0.0,0.0,15.9
forecast,2026-06-08T09:00:42+00:00,900033,Lleida,ES,2026-06-11,41.625,0.625,Europe/Madrid,29.2,13.2,21.2,0.0,0.0,0.0,11.5
forecast,2026-06-08T09:00:42+00:00,900033,Lleida,ES,2026-06-12,41.625,0.625,Europe/Madrid,33.3,16.0,24.2,0.0,0.0,0.0,15.3
forecast,2026-06-08T09:00:42+00:00,900033,Lleida,ES,2026-06-13,41.625,0.625,Europe/Madrid,34.1,17.4,25.7,0.0,0.0,0.0,20.9
forecast,2026-06-08T09:00:42+00:00,900033,Lleida,ES,2026-06-14,41.625,0.625,Europe/Madrid,32.7,17.3,24.7,0.0,0.0,0.0,22.0
forecast,2026-06-08T09:00:42+00:00,900034,Tarragona,ES,2026-06-08,41.125,1.25,Europe/Madrid,24.5,18.5,21.9,0.0,0.0,0.0,13.1
forecast,2026-06-08T09:00:42+00:00,900034,Tarragona,ES,2026-06-09,41.125,1.25,Europe/Madrid,26.0,20.0,22.7,0.0,0.0,0.0,15.5
forecast,2026-06-08T09:00:42+00:00,900034,Tarragona,ES,2026-06-10,41.125,1.25,Europe/Madrid,25.1,19.2,21.5,0.4,0.0,0.0,18.0
forecast,2026-06-08T09:00:42+00:00,900034,Tarragona,ES,2026-06-11,41.125,1.25,Europe/Madrid,24.4,16.5,20.8,0.0,0.0,0.0,16.4
forecast,2026-06-08T09:00:42+00:00,900034,Tarragona,ES,2026-06-12,41.125,1.25,Europe/Madrid,25.4,18.0,21.9,0.0,0.0,0.0,15.1
forecast,2026-06-08T09:00:42+00:00,900034,Tarragona,ES,2026-06-13,41.125,1.25,Europe/Madrid,26.5,17.6,22.3,0.0,0.0,0.0,15.5
forecast,2026-06-08T09:00:42+00:00,900034,Tarragona,ES,2026-06-14,41.125,1.25,Europe/Madrid,24.8,19.2,22.1,0.0,0.0,0.0,12.4
forecast,2026-06-08T09:00:42+00:00,900035,Alicante,ES,2026-06-08,38.375,-0.5,Europe/Madrid,26.0,19.7,23.2,0.0,0.0,0.0,10.8
forecast,2026-06-08T09:00:42+00:00,900035,Alicante,ES,2026-06-09,38.375,-0.5,Europe/Madrid,26.8,21.3,23.6,0.0,0.0,0.0,15.6
forecast,2026-06-08T09:00:42+00:00,900035,Alicante,ES,2026-06-10,38.375,-0.5,Europe/Madrid,26.0,20.4,23.2,0.0,0.0,0.0,23.4
forecast,2026-06-08T09:00:42+00:00,900035,Alicante,ES,2026-06-11,38.375,-0.5,Europe/Madrid,25.3,19.3,22.5,0.0,0.0,0.0,23.1
forecast,2026-06-08T09:00:42+00:00,900035,Alicante,ES,2026-06-12,38.375,-0.5,Europe/Madrid,26.2,18.3,22.5,0.0,0.0,0.0,17.1
forecast,2026-06-08T09:00:42+00:00,900035,Alicante,ES,2026-06-13,38.375,-0.5,Europe/Madrid,29.7,19.4,24.7,0.0,0.0,0.0,17.2
forecast,2026-06-08T09:00:42+00:00,900035,Alicante,ES,2026-06-14,38.375,-0.5,Europe/Madrid,28.9,19.6,24.7,0.0,0.0,0.0,20.6
forecast,2026-06-08T09:00:42+00:00,900036,Castellón de la Plana,ES,2026-06-08,40.0,-0.0625,Europe/Madrid,27.1,17.7,22.8,0.0,0.0,0.0,14.2
forecast,2026-06-08T09:00:42+00:00,900036,Castellón de la Plana,ES,2026-06-09,40.0,-0.0625,Europe/Madrid,27.2,19.6,23.2,0.0,0.0,0.0,19.2
forecast,2026-06-08T09:00:42+00:00,900036,Castellón de la Plana,ES,2026-06-10,40.0,-0.0625,Europe/Madrid,25.4,18.5,22.1,0.0,0.0,0.0,16.1
forecast,2026-06-08T09:00:42+00:00,900036,Castellón de la Plana,ES,2026-06-11,40.0,-0.0625,Europe/Madrid,24.8,19.4,21.8,0.0,0.0,0.0,17.7
forecast,2026-06-08T09:00:42+00:00,900036,Castellón de la Plana,ES,2026-06-12,40.0,-0.0625,Europe/Madrid,28.2,17.4,22.9,0.0,0.0,0.0,17.2
forecast,2026-06-08T09:00:42+00:00,900036,Castellón de la Plana,ES,2026-06-13,40.0,-0.0625,Europe/Madrid,29.7,18.7,24.0,0.0,0.0,0.0,17.3
forecast,2026-06-08T09:00:42+00:00,900036,Castellón de la Plana,ES,2026-06-14,40.0,-0.0625,Europe/Madrid,26.8,17.9,22.8,0.0,0.0,0.0,18.8
forecast,2026-06-08T09:00:42+00:00,900037,Valencia,ES,2026-06-08,39.5,-0.375,Europe/Madrid,26.6,19.1,22.9,0.0,0.0,0.0,15.1
forecast,2026-06-08T09:00:42+00:00,900037,Valencia,ES,2026-06-09,39.5,-0.375,Europe/Madrid,26.1,20.4,22.9,0.0,0.0,0.0,15.9
forecast,2026-06-08T09:00:42+00:00,900037,Valencia,ES,2026-06-10,39.5,-0.375,Europe/Madrid,24.2,20.9,22.2,0.0,0.0,0.0,14.9
forecast,2026-06-08T09:00:42+00:00,900037,Valencia,ES,2026-06-11,39.5,-0.375,Europe/Madrid,25.8,19.9,22.5,0.0,0.0,0.0,15.3
forecast,2026-06-08T09:00:42+00:00,900037,Valencia,ES,2026-06-12,39.5,-0.375,Europe/Madrid,28.0,18.6,23.1,0.0,0.0,0.0,14.6
forecast,2026-06-08T09:00:42+00:00,900037,Valencia,ES,2026-06-13,39.5,-0.375,Europe/Madrid,30.4,17.1,23.8,0.0,0.0,0.0,15.6
forecast,2026-06-08T09:00:42+00:00,900037,Valencia,ES,2026-06-14,39.5,-0.375,Europe/Madrid,26.4,18.1,22.5,0.0,0.0,0.0,16.2
forecast,2026-06-08T09:00:42+00:00,900038,Badajoz,ES,2026-06-08,38.875,-7.0,Europe/Madrid,32.7,13.4,23.2,0.0,0.0,0.0,18.7
forecast,2026-06-08T09:00:42+00:00,900038,Badajoz,ES,2026-06-09,38.875,-7.0,Europe/Madrid,35.0,16.0,25.1,0.0,0.0,0.0,17.9
forecast,2026-06-08T09:00:42+00:00,900038,Badajoz,ES,2026-06-10,38.875,-7.0,Europe/Madrid,35.1,17.6,26.3,0.0,0.0,0.0,12.6
forecast,2026-06-08T09:00:42+00:00,900038,Badajoz,ES,2026-06-11,38.875,-7.0,Europe/Madrid,37.6,18.9,28.7,0.0,0.0,0.0,10.8
forecast,2026-06-08T09:00:42+00:00,900038,Badajoz,ES,2026-06-12,38.875,-7.0,Europe/Madrid,38.4,20.9,29.9,0.0,0.0,0.0,12.2
forecast,2026-06-08T09:00:42+00:00,900038,Badajoz,ES,2026-06-13,38.875,-7.0,Europe/Madrid,38.6,21.8,30.3,0.0,0.0,0.0,18.4
forecast,2026-06-08T09:00:42+00:00,900038,Badajoz,ES,2026-06-14,38.875,-7.0,Europe/Madrid,28.7,20.7,22.8,3.6,2.7,0.0,18.8
forecast,2026-06-08T09:00:42+00:00,900039,Cáceres,ES,2026-06-08,39.5,-6.375,Europe/Madrid,32.3,16.7,25.1,0.0,0.0,0.0,14.9
forecast,2026-06-08T09:00:42+00:00,900039,Cáceres,ES,2026-06-09,39.5,-6.375,Europe/Madrid,33.1,18.4,25.8,0.0,0.0,0.0,17.8
forecast,2026-06-08T09:00:42+00:00,900039,Cáceres,ES,2026-06-10,39.5,-6.375,Europe/Madrid,32.6,18.2,25.6,0.0,0.0,0.0,16.6
forecast,2026-06-08T09:00:42+00:00,900039,Cáceres,ES,2026-06-11,39.5,-6.375,Europe/Madrid,35.6,20.0,27.5,0.0,0.0,0.0,14.1
forecast,2026-06-08T09:00:42+00:00,900039,Cáceres,ES,2026-06-12,39.5,-6.375,Europe/Madrid,36.3,23.0,30.0,0.0,0.0,0.0,12.1
forecast,2026-06-08T09:00:42+00:00,900039,Cáceres,ES,2026-06-13,39.5,-6.375,Europe/Madrid,35.5,21.3,29.4,0.0,0.0,0.0,13.0
forecast,2026-06-08T09:00:42+00:00,900039,Cáceres,ES,2026-06-14,39.5,-6.375,Europe/Madrid,28.1,19.4,21.9,2.4,1.8,0.0,19.3
forecast,2026-06-08T09:00:42+00:00,900040,A Coruña,ES,2026-06-08,43.3125,-8.375,Europe/Madrid,19.7,10.4,14.7,0.0,0.0,0.0,20.0
forecast,2026-06-08T09:00:42+00:00,900040,A Coruña,ES,2026-06-09,43.3125,-8.375,Europe/Madrid,17.8,10.3,14.5,0.0,0.0,0.0,19.1
forecast,2026-06-08T09:00:42+00:00,900040,A Coruña,ES,2026-06-10,43.3125,-8.375,Europe/Madrid,18.6,11.6,15.3,0.2,0.0,0.0,22.3
forecast,2026-06-08T09:00:42+00:00,900040,A Coruña,ES,2026-06-11,43.3125,-8.375,Europe/Madrid,25.6,11.3,17.9,0.0,0.0,0.0,19.8
forecast,2026-06-08T09:00:42+00:00,900040,A Coruña,ES,2026-06-12,43.3125,-8.375,Europe/Madrid,32.4,12.9,22.2,0.0,0.0,0.0,10.1
forecast,2026-06-08T09:00:42+00:00,900040,A Coruña,ES,2026-06-13,43.3125,-8.375,Europe/Madrid,28.3,14.8,21.8,0.0,0.0,0.0,7.2
forecast,2026-06-08T09:00:42+00:00,900040,A Coruña,ES,2026-06-14,43.3125,-8.375,Europe/Madrid,23.0,15.4,18.7,0.0,0.0,0.0,11.2
forecast,2026-06-08T09:00:42+00:00,900041,Lugo,ES,2026-06-08,43.0,-7.5625,Europe/Madrid,22.2,6.9,14.4,0.0,0.0,0.0,18.3
forecast,2026-06-08T09:00:42+00:00,900041,Lugo,ES,2026-06-09,43.0,-7.5625,Europe/Madrid,18.5,8.8,13.2,0.0,0.0,0.0,17.8
forecast,2026-06-08T09:00:42+00:00,900041,Lugo,ES,2026-06-10,43.0,-7.5625,Europe/Madrid,18.9,6.9,12.7,0.0,0.0,0.0,19.5
forecast,2026-06-08T09:00:42+00:00,900041,Lugo,ES,2026-06-11,43.0,-7.5625,Europe/Madrid,24.1,7.8,15.8,0.0,0.0,0.0,19.2
forecast,2026-06-08T09:00:42+00:00,900041,Lugo,ES,2026-06-12,43.0,-7.5625,Europe/Madrid,34.0,9.4,20.9,0.0,0.0,0.0,10.4
forecast,2026-06-08T09:00:42+00:00,900041,Lugo,ES,2026-06-13,43.0,-7.5625,Europe/Madrid,33.5,13.4,23.6,0.3,0.0,0.0,4.6
forecast,2026-06-08T09:00:42+00:00,900041,Lugo,ES,2026-06-14,43.0,-7.5625,Europe/Madrid,32.1,13.5,22.5,0.6,0.0,0.0,10.8
forecast,2026-06-08T09:00:42+00:00,900042,Ourense,ES,2026-06-08,42.3125,-7.875,Europe/Madrid,26.5,9.6,18.2,0.0,0.0,0.0,16.1
forecast,2026-06-08T09:00:42+00:00,900042,Ourense,ES,2026-06-09,42.3125,-7.875,Europe/Madrid,24.6,11.0,17.3,0.0,0.0,0.0,15.9
forecast,2026-06-08T09:00:42+00:00,900042,Ourense,ES,2026-06-10,42.3125,-7.875,Europe/Madrid,25.3,8.6,16.8,0.0,0.0,0.0,17.1
forecast,2026-06-08T09:00:42+00:00,900042,Ourense,ES,2026-06-11,42.3125,-7.875,Europe/Madrid,31.8,8.2,20.0,0.0,0.0,0.0,11.8
forecast,2026-06-08T09:00:42+00:00,900042,Ourense,ES,2026-06-12,42.3125,-7.875,Europe/Madrid,37.2,10.8,24.6,0.0,0.0,0.0,12.2
forecast,2026-06-08T09:00:42+00:00,900042,Ourense,ES,2026-06-13,42.3125,-7.875,Europe/Madrid,36.0,16.9,26.5,0.3,0.0,0.0,11.2
forecast,2026-06-08T09:00:42+00:00,900042,Ourense,ES,2026-06-14,42.3125,-7.875,Europe/Madrid,33.3,15.3,24.0,0.3,0.0,0.0,12.2
forecast,2026-06-08T09:00:42+00:00,900043,Pontevedra,ES,2026-06-08,42.4375,-8.625,Europe/Madrid,22.3,10.4,16.6,0.0,0.0,0.0,18.3
forecast,2026-06-08T09:00:42+00:00,900043,Pontevedra,ES,2026-06-09,42.4375,-8.625,Europe/Madrid,22.7,11.5,16.6,0.0,0.0,0.0,21.7
forecast,2026-06-08T09:00:42+00:00,900043,Pontevedra,ES,2026-06-10,42.4375,-8.625,Europe/Madrid,23.8,10.6,17.2,0.0,0.0,0.0,21.6
forecast,2026-06-08T09:00:42+00:00,900043,Pontevedra,ES,2026-06-11,42.4375,-8.625,Europe/Madrid,33.2,10.8,21.6,0.0,0.0,0.0,14.5
forecast,2026-06-08T09:00:42+00:00,900043,Pontevedra,ES,2026-06-12,42.4375,-8.625,Europe/Madrid,35.6,13.5,25.2,0.0,0.0,0.0,11.5
forecast,2026-06-08T09:00:42+00:00,900043,Pontevedra,ES,2026-06-13,42.4375,-8.625,Europe/Madrid,31.4,19.5,25.2,0.0,0.0,0.0,10.5
forecast,2026-06-08T09:00:42+00:00,900043,Pontevedra,ES,2026-06-14,42.4375,-8.625,Europe/Madrid,25.6,17.0,20.7,0.0,0.0,0.0,10.6
forecast,2026-06-08T09:00:42+00:00,900044,Logroño,ES,2026-06-08,42.46,-2.4400005,Europe/Madrid,28.0,17.3,21.8,0.0,0.0,0.0,22.1
forecast,2026-06-08T09:00:42+00:00,900044,Logroño,ES,2026-06-09,42.46,-2.4400005,Europe/Madrid,23.2,15.4,18.2,0.0,0.0,0.0,20.5
forecast,2026-06-08T09:00:42+00:00,900044,Logroño,ES,2026-06-10,42.46,-2.4400005,Europe/Madrid,23.3,12.0,16.9,0.0,0.0,0.0,20.9
forecast,2026-06-08T09:00:42+00:00,900044,Logroño,ES,2026-06-11,42.46,-2.4400005,Europe/Madrid,27.4,12.7,19.0,0.0,0.0,0.0,16.5
forecast,2026-06-08T09:00:42+00:00,900044,Logroño,ES,2026-06-12,42.46,-2.4400005,Europe/Madrid,32.1,13.0,21.6,0.0,0.0,0.0,17.6
forecast,2026-06-08T09:00:42+00:00,900044,Logroño,ES,2026-06-13,42.46,-2.4400005,Europe/Madrid,35.9,14.4,25.3,0.0,0.0,0.0,13.4
forecast,2026-06-08T09:00:42+00:00,900044,Logroño,ES,2026-06-14,42.46,-2.4400005,Europe/Madrid,35.1,20.8,28.1,0.0,0.0,0.0,15.9
forecast,2026-06-08T09:00:42+00:00,900045,Madrid,ES,2026-06-08,40.4375,-3.6875,Europe/Madrid,32.5,19.0,26.1,0.0,0.0,0.0,13.2
forecast,2026-06-08T09:00:42+00:00,900045,Madrid,ES,2026-06-09,40.4375,-3.6875,Europe/Madrid,31.7,17.2,24.7,0.0,0.0,0.0,15.6
forecast,2026-06-08T09:00:42+00:00,900045,Madrid,ES,2026-06-10,40.4375,-3.6875,Europe/Madrid,29.9,16.6,23.2,0.0,0.0,0.0,18.6
forecast,2026-06-08T09:00:42+00:00,900045,Madrid,ES,2026-06-11,40.4375,-3.6875,Europe/Madrid,31.6,15.7,23.2,0.0,0.0,0.0,17.8
forecast,2026-06-08T09:00:42+00:00,900045,Madrid,ES,2026-06-12,40.4375,-3.6875,Europe/Madrid,32.9,18.4,25.6,0.0,0.0,0.0,13.2
forecast,2026-06-08T09:00:42+00:00,900045,Madrid,ES,2026-06-13,40.4375,-3.6875,Europe/Madrid,33.5,19.2,26.0,0.0,0.0,0.0,11.1
forecast,2026-06-08T09:00:42+00:00,900045,Madrid,ES,2026-06-14,40.4375,-3.6875,Europe/Madrid,32.3,19.3,25.0,0.0,0.0,0.0,17.8
forecast,2026-06-08T09:00:42+00:00,900046,Murcia,ES,2026-06-08,38.0,-1.125,Europe/Madrid,31.6,18.3,25.0,0.0,0.0,0.0,16.5
forecast,2026-06-08T09:00:42+00:00,900046,Murcia,ES,2026-06-09,38.0,-1.125,Europe/Madrid,29.9,19.6,24.3,0.0,0.0,0.0,18.6
forecast,2026-06-08T09:00:42+00:00,900046,Murcia,ES,2026-06-10,38.0,-1.125,Europe/Madrid,28.5,20.9,23.8,0.0,0.0,0.0,23.7
forecast,2026-06-08T09:00:42+00:00,900046,Murcia,ES,2026-06-11,38.0,-1.125,Europe/Madrid,27.3,19.2,22.9,0.0,0.0,0.0,24.5
forecast,2026-06-08T09:00:42+00:00,900046,Murcia,ES,2026-06-12,38.0,-1.125,Europe/Madrid,27.4,17.6,22.7,0.0,0.0,0.0,20.3
forecast,2026-06-08T09:00:42+00:00,900046,Murcia,ES,2026-06-13,38.0,-1.125,Europe/Madrid,29.9,19.3,24.2,0.0,0.0,0.0,21.3
forecast,2026-06-08T09:00:42+00:00,900046,Murcia,ES,2026-06-14,38.0,-1.125,Europe/Madrid,27.9,18.9,23.4,0.0,0.0,0.0,21.3
forecast,2026-06-08T09:00:42+00:00,900047,Pamplona,ES,2026-06-08,42.81,-1.6500006,Europe/Madrid,23.1,15.5,19.2,0.0,0.0,0.0,21.6
forecast,2026-06-08T09:00:42+00:00,900047,Pamplona,ES,2026-06-09,42.81,-1.6500006,Europe/Madrid,19.8,13.4,16.1,0.0,0.0,0.0,20.2
forecast,2026-06-08T09:00:42+00:00,900047,Pamplona,ES,2026-06-10,42.81,-1.6500006,Europe/Madrid,20.2,11.7,15.6,0.0,0.0,0.0,24.6
forecast,2026-06-08T09:00:42+00:00,900047,Pamplona,ES,2026-06-11,42.81,-1.6500006,Europe/Madrid,24.1,12.6,17.8,0.0,0.0,0.0,19.4
forecast,2026-06-08T09:00:42+00:00,900047,Pamplona,ES,2026-06-12,42.81,-1.6500006,Europe/Madrid,26.6,12.5,19.6,0.0,0.0,0.0,18.8
forecast,2026-06-08T09:00:42+00:00,900047,Pamplona,ES,2026-06-13,42.81,-1.6500006,Europe/Madrid,32.9,14.0,23.3,0.0,0.0,0.0,6.5
forecast,2026-06-08T09:00:42+00:00,900047,Pamplona,ES,2026-06-14,42.81,-1.6500006,Europe/Madrid,32.7,17.9,24.9,0.0,0.0,0.0,11.7
forecast,2026-06-08T09:00:42+00:00,900048,Bilbao,ES,2026-06-08,43.26,-2.9300003,Europe/Madrid,20.1,17.7,18.8,0.0,0.0,0.0,12.3
forecast,2026-06-08T09:00:42+00:00,900048,Bilbao,ES,2026-06-09,43.26,-2.9300003,Europe/Madrid,20.4,16.5,18.1,0.6,0.5,0.0,14.0
forecast,2026-06-08T09:00:42+00:00,900048,Bilbao,ES,2026-06-10,43.26,-2.9300003,Europe/Madrid,20.1,13.9,17.2,0.0,0.0,0.0,16.1
forecast,2026-06-08T09:00:42+00:00,900048,Bilbao,ES,2026-06-11,43.26,-2.9300003,Europe/Madrid,23.2,11.7,17.2,0.0,0.0,0.0,15.8
forecast,2026-06-08T09:00:42+00:00,900048,Bilbao,ES,2026-06-12,43.26,-2.9300003,Europe/Madrid,25.8,12.6,19.0,0.0,0.0,0.0,13.8
forecast,2026-06-08T09:00:42+00:00,900048,Bilbao,ES,2026-06-13,43.26,-2.9300003,Europe/Madrid,34.2,12.7,23.7,0.0,0.0,0.0,14.1
forecast,2026-06-08T09:00:42+00:00,900048,Bilbao,ES,2026-06-14,43.26,-2.9300003,Europe/Madrid,33.7,20.5,26.2,0.0,0.0,0.0,10.5
forecast,2026-06-08T09:00:42+00:00,900049,Donostia-San Sebastián,ES,2026-06-08,43.32,-1.9800005,Europe/Madrid,19.2,18.0,18.5,0.0,0.0,0.0,12.6
forecast,2026-06-08T09:00:42+00:00,900049,Donostia-San Sebastián,ES,2026-06-09,43.32,-1.9800005,Europe/Madrid,18.5,17.4,17.9,0.7,0.5,0.0,22.7
forecast,2026-06-08T09:00:42+00:00,900049,Donostia-San Sebastián,ES,2026-06-10,43.32,-1.9800005,Europe/Madrid,18.9,15.1,17.2,0.2,0.1,0.0,15.6
forecast,2026-06-08T09:00:42+00:00,900049,Donostia-San Sebastián,ES,2026-06-11,43.32,-1.9800005,Europe/Madrid,20.9,13.6,17.4,0.8,0.8,0.0,16.3
forecast,2026-06-08T09:00:42+00:00,900049,Donostia-San Sebastián,ES,2026-06-12,43.32,-1.9800005,Europe/Madrid,22.2,12.8,17.9,0.0,0.0,0.0,12.9
forecast,2026-06-08T09:00:42+00:00,900049,Donostia-San Sebastián,ES,2026-06-13,43.32,-1.9800005,Europe/Madrid,32.3,14.5,23.2,0.0,0.0,0.0,14.4
forecast,2026-06-08T09:00:42+00:00,900049,Donostia-San Sebastián,ES,2026-06-14,43.32,-1.9800005,Europe/Madrid,32.4,20.1,25.5,0.0,0.0,0.0,11.9
forecast,2026-06-08T09:00:42+00:00,900050,Vitoria-Gasteiz,ES,2026-06-08,42.85,-2.67,Europe/Madrid,20.4,14.1,16.3,0.0,0.0,0.0,21.0
forecast,2026-06-08T09:00:42+00:00,900050,Vitoria-Gasteiz,ES,2026-06-09,42.85,-2.67,Europe/Madrid,18.4,12.3,14.8,0.1,0.1,0.0,20.3
forecast,2026-06-08T09:00:42+00:00,900050,Vitoria-Gasteiz,ES,2026-06-10,42.85,-2.67,Europe/Madrid,18.4,9.2,13.5,0.0,0.0,0.0,22.6
forecast,2026-06-08T09:00:42+00:00,900050,Vitoria-Gasteiz,ES,2026-06-11,42.85,-2.67,Europe/Madrid,21.6,10.1,14.9,0.0,0.0,0.0,18.9
forecast,2026-06-08T09:00:42+00:00,900050,Vitoria-Gasteiz,ES,2026-06-12,42.85,-2.67,Europe/Madrid,25.1,11.8,17.4,0.0,0.0,0.0,17.9
forecast,2026-06-08T09:00:42+00:00,900050,Vitoria-Gasteiz,ES,2026-06-13,42.85,-2.67,Europe/Madrid,32.2,10.8,21.6,0.0,0.0,0.0,14.8
forecast,2026-06-08T09:00:42+00:00,900050,Vitoria-Gasteiz,ES,2026-06-14,42.85,-2.67,Europe/Madrid,31.2,19.3,24.8,0.0,0.0,0.0,12.2
forecast,2026-06-08T09:00:42+00:00,900051,Ceuta,ES,2026-06-08,35.875,-5.375,Europe/Madrid,26.6,20.3,23.0,0.0,0.0,0.0,13.3
forecast,2026-06-08T09:00:42+00:00,900051,Ceuta,ES,2026-06-09,35.875,-5.375,Europe/Madrid,28.2,20.6,23.9,0.0,0.0,0.0,14.2
forecast,2026-06-08T09:00:42+00:00,900051,Ceuta,ES,2026-06-10,35.875,-5.375,Europe/Madrid,23.9,19.4,21.6,0.0,0.0,0.0,18.4
forecast,2026-06-08T09:00:42+00:00,900051,Ceuta,ES,2026-06-11,35.875,-5.375,Europe/Madrid,23.7,21.1,22.1,0.4,0.0,0.0,37.1
forecast,2026-06-08T09:00:42+00:00,900051,Ceuta,ES,2026-06-12,35.875,-5.375,Europe/Madrid,23.4,21.2,22.0,0.0,0.0,0.0,36.2
forecast,2026-06-08T09:00:42+00:00,900051,Ceuta,ES,2026-06-13,35.875,-5.375,Europe/Madrid,23.6,21.4,22.2,0.6,0.0,0.0,30.6
forecast,2026-06-08T09:00:42+00:00,900051,Ceuta,ES,2026-06-14,35.875,-5.375,Europe/Madrid,22.8,20.5,21.6,22.8,13.2,0.0,17.8
forecast,2026-06-08T09:00:42+00:00,900052,Melilla,ES,2026-06-08,35.25,-2.9375,Europe/Madrid,25.6,22.3,23.7,0.0,0.0,0.0,11.8
forecast,2026-06-08T09:00:42+00:00,900052,Melilla,ES,2026-06-09,35.25,-2.9375,Europe/Madrid,25.9,22.3,23.7,0.0,0.0,0.0,11.7
forecast,2026-06-08T09:00:42+00:00,900052,Melilla,ES,2026-06-10,35.25,-2.9375,Europe/Madrid,25.3,22.1,23.6,0.1,0.0,0.0,11.7
forecast,2026-06-08T09:00:42+00:00,900052,Melilla,ES,2026-06-11,35.25,-2.9375,Europe/Madrid,24.4,22.8,23.4,1.3,0.0,0.0,24.4
forecast,2026-06-08T09:00:42+00:00,900052,Melilla,ES,2026-06-12,35.25,-2.9375,Europe/Madrid,24.8,22.9,23.6,0.0,0.0,0.0,25.9
forecast,2026-06-08T09:00:42+00:00,900052,Melilla,ES,2026-06-13,35.25,-2.9375,Europe/Madrid,24.9,22.4,23.4,0.0,0.0,0.0,18.3
forecast,2026-06-08T09:00:42+00:00,900052,Melilla,ES,2026-06-14,35.25,-2.9375,Europe/Madrid,24.3,22.5,23.4,0.0,0.0,0.0,15.4
forecast,2026-06-08T09:00:42+00:00,900053,Vigo,ES,2026-06-08,42.25,-8.75,Europe/Madrid,20.4,13.6,17.0,0.0,0.0,0.0,18.2
forecast,2026-06-08T09:00:42+00:00,900053,Vigo,ES,2026-06-09,42.25,-8.75,Europe/Madrid,21.9,12.7,17.0,0.0,0.0,0.0,22.5
forecast,2026-06-08T09:00:42+00:00,900053,Vigo,ES,2026-06-10,42.25,-8.75,Europe/Madrid,23.5,13.4,17.9,0.0,0.0,0.0,23.3
forecast,2026-06-08T09:00:42+00:00,900053,Vigo,ES,2026-06-11,42.25,-8.75,Europe/Madrid,27.6,12.6,20.5,0.0,0.0,0.0,9.7
forecast,2026-06-08T09:00:42+00:00,900053,Vigo,ES,2026-06-12,42.25,-8.75,Europe/Madrid,33.0,18.1,24.9,0.0,0.0,0.0,8.3
forecast,2026-06-08T09:00:42+00:00,900053,Vigo,ES,2026-06-13,42.25,-8.75,Europe/Madrid,28.2,20.5,23.8,0.0,0.0,0.0,8.1
forecast,2026-06-08T09:00:42+00:00,900053,Vigo,ES,2026-06-14,42.25,-8.75,Europe/Madrid,22.7,17.9,20.0,0.0,0.0,0.0,10.1
forecast,2026-06-08T09:00:42+00:00,900054,Gijón,ES,2026-06-08,43.54,-5.6600003,Europe/Madrid,19.6,16.9,18.2,0.3,0.3,0.0,23.4
forecast,2026-06-08T09:00:42+00:00,900054,Gijón,ES,2026-06-09,43.54,-5.6600003,Europe/Madrid,17.7,15.8,16.9,0.6,0.4,0.0,14.7
forecast,2026-06-08T09:00:42+00:00,900054,Gijón,ES,2026-06-10,43.54,-5.6600003,Europe/Madrid,20.0,13.4,17.1,0.0,0.0,0.0,17.9
forecast,2026-06-08T09:00:42+00:00,900054,Gijón,ES,2026-06-11,43.54,-5.6600003,Europe/Madrid,23.0,13.3,18.3,0.0,0.0,0.0,24.7
forecast,2026-06-08T09:00:42+00:00,900054,Gijón,ES,2026-06-12,43.54,-5.6600003,Europe/Madrid,21.4,14.3,18.2,0.0,0.0,0.0,26.5
forecast,2026-06-08T09:00:42+00:00,900054,Gijón,ES,2026-06-13,43.54,-5.6600003,Europe/Madrid,26.3,15.7,21.4,0.0,0.0,0.0,21.2
forecast,2026-06-08T09:00:42+00:00,900054,Gijón,ES,2026-06-14,43.54,-5.6600003,Europe/Madrid,28.9,19.3,23.8,0.0,0.0,0.0,10.2
forecast,2026-06-08T09:00:42+00:00,900055,Marbella,ES,2026-06-08,36.5,-4.875,Europe/Madrid,23.7,19.3,21.6,0.0,0.0,0.0,9.3
forecast,2026-06-08T09:00:42+00:00,900055,Marbella,ES,2026-06-09,36.5,-4.875,Europe/Madrid,23.9,20.5,21.7,0.0,0.0,0.0,10.7
forecast,2026-06-08T09:00:42+00:00,900055,Marbella,ES,2026-06-10,36.5,-4.875,Europe/Madrid,24.6,19.5,21.9,0.0,0.0,0.0,17.1
forecast,2026-06-08T09:00:42+00:00,900055,Marbella,ES,2026-06-11,36.5,-4.875,Europe/Madrid,24.0,20.8,22.3,0.0,0.0,0.0,18.5
forecast,2026-06-08T09:00:42+00:00,900055,Marbella,ES,2026-06-12,36.5,-4.875,Europe/Madrid,24.6,19.8,22.2,0.0,0.0,0.0,11.8
forecast,2026-06-08T09:00:42+00:00,900055,Marbella,ES,2026-06-13,36.5,-4.875,Europe/Madrid,29.4,19.7,24.4,0.0,0.0,0.0,13.7
forecast,2026-06-08T09:00:42+00:00,900055,Marbella,ES,2026-06-14,36.5,-4.875,Europe/Madrid,26.2,21.4,22.9,11.4,0.0,0.0,11.6
forecast,2026-06-08T09:00:42+00:00,900056,Cartagena,ES,2026-06-08,37.625,-1.0,Europe/Madrid,26.9,18.9,23.0,0.0,0.0,0.0,13.6
forecast,2026-06-08T09:00:42+00:00,900056,Cartagena,ES,2026-06-09,37.625,-1.0,Europe/Madrid,27.7,19.3,23.5,0.0,0.0,0.0,16.0
forecast,2026-06-08T09:00:42+00:00,900056,Cartagena,ES,2026-06-10,37.625,-1.0,Europe/Madrid,26.5,21.6,23.6,0.0,0.0,0.0,21.9
forecast,2026-06-08T09:00:42+00:00,900056,Cartagena,ES,2026-06-11,37.625,-1.0,Europe/Madrid,25.5,20.8,23.0,0.0,0.0,0.0,25.1
forecast,2026-06-08T09:00:42+00:00,900056,Cartagena,ES,2026-06-12,37.625,-1.0,Europe/Madrid,25.7,19.5,22.5,0.0,0.0,0.0,23.7
forecast,2026-06-08T09:00:42+00:00,900056,Cartagena,ES,2026-06-13,37.625,-1.0,Europe/Madrid,26.9,20.5,23.4,0.0,0.0,0.0,26.9
forecast,2026-06-08T09:00:42+00:00,900056,Cartagena,ES,2026-06-14,37.625,-1.0,Europe/Madrid,25.3,20.6,22.8,0.0,0.0,0.0,31.2
forecast,2026-06-08T09:00:42+00:00,900057,Ibiza,ES,2026-06-08,38.9375,1.4375,Europe/Madrid,25.9,18.0,22.5,0.0,0.0,0.0,11.4
forecast,2026-06-08T09:00:42+00:00,900057,Ibiza,ES,2026-06-09,38.9375,1.4375,Europe/Madrid,26.1,19.5,22.9,0.0,0.0,0.0,15.3
forecast,2026-06-08T09:00:42+00:00,900057,Ibiza,ES,2026-06-10,38.9375,1.4375,Europe/Madrid,25.7,19.9,22.8,0.0,0.0,0.0,19.6
forecast,2026-06-08T09:00:42+00:00,900057,Ibiza,ES,2026-06-11,38.9375,1.4375,Europe/Madrid,24.9,19.2,21.9,0.0,0.0,0.0,25.3
forecast,2026-06-08T09:00:42+00:00,900057,Ibiza,ES,2026-06-12,38.9375,1.4375,Europe/Madrid,27.0,16.4,22.1,0.0,0.0,0.0,12.1
forecast,2026-06-08T09:00:42+00:00,900057,Ibiza,ES,2026-06-13,38.9375,1.4375,Europe/Madrid,27.9,18.5,23.1,0.0,0.0,0.0,17.3
forecast,2026-06-08T09:00:42+00:00,900057,Ibiza,ES,2026-06-14,38.9375,1.4375,Europe/Madrid,26.9,19.7,23.3,0.0,0.0,0.0,22.1
forecast,2026-06-08T09:00:42+00:00,900058,Jerez de la Frontera,ES,2026-06-08,36.6875,-6.125,Europe/Madrid,31.0,19.0,24.8,0.0,0.0,0.0,16.2
forecast,2026-06-08T09:00:42+00:00,900058,Jerez de la Frontera,ES,2026-06-09,36.6875,-6.125,Europe/Madrid,30.3,18.8,24.3,0.0,0.0,0.0,13.9
forecast,2026-06-08T09:00:42+00:00,900058,Jerez de la Frontera,ES,2026-06-10,36.6875,-6.125,Europe/Madrid,31.5,18.7,24.6,0.0,0.0,0.0,10.9
forecast,2026-06-08T09:00:42+00:00,900058,Jerez de la Frontera,ES,2026-06-11,36.6875,-6.125,Europe/Madrid,31.3,20.0,25.7,0.0,0.0,0.0,29.1
forecast,2026-06-08T09:00:42+00:00,900058,Jerez de la Frontera,ES,2026-06-12,36.6875,-6.125,Europe/Madrid,31.4,21.0,26.2,0.0,0.0,0.0,27.6
forecast,2026-06-08T09:00:42+00:00,900058,Jerez de la Frontera,ES,2026-06-13,36.6875,-6.125,Europe/Madrid,31.2,21.6,26.4,0.0,0.0,0.0,27.9
forecast,2026-06-08T09:00:42+00:00,900058,Jerez de la Frontera,ES,2026-06-14,36.6875,-6.125,Europe/Madrid,26.5,19.5,23.0,15.0,14.1,0.0,22.0
