source_name,extracted_at,location_id,city_name,country_code,timestamp,latitude,longitude,timezone,pm10,pm2_5,carbon_monoxide,nitrogen_dioxide,ozone,european_aqi
air_quality,2026-05-26T10:00:00+00:00,3117735,Madrid,ES,2026-05-21T00:00,40.4165,-3.7026,Europe/Madrid,28.1,10.4,493.8,8.0,40.4,37
air_quality,2026-05-26T10:00:00+00:00,3117735,Madrid,ES,2026-05-21T01:00,40.4165,-3.7026,Europe/Madrid,62.6,31.0,215.8,11.6,69.7,65
air_quality,2026-05-26T10:00:00+00:00,3117735,Madrid,ES,2026-05-21T02:00,40.4165,-3.7026,Europe/Madrid,18.2,16.4,381.5,32.5,103.3,55
air_quality,2026-05-26T10:00:00+00:00,3117735,Madrid,ES,2026-05-21T03:00,40.4165,-3.7026,Europe/Madrid,10.4,34.7,116.9,6.0,112.1,50
air_quality,2026-05-26T10:00:00+00:00,3117735,Madrid,ES,2026-05-21T04:00,40.4165,-3.7026,Europe/Madrid,48.2,23.8,383.8,28.0,31.5,12
air_quality,2026-05-26T10:00:00+00:00,3117735,Madrid,ES,2026-05-21T05:00,40.4165,-3.7026,Europe/Madrid,77.5,8.5,479.0,30.3,89.0,56
air_quality,2026-05-26T10:00:00+00:00,3117735,Madrid,ES,2026-05-21T06:00,40.4165,-3.7026,Europe/Madrid,11.6,34.1,197.3,37.4,72.4,60
air_quality,2026-05-26T10:00:00+00:00,3117735,Madrid,ES,2026-05-21T07:00,40.4165,-3.7026,Europe/Madrid,70.3,30.3,188.6,47.9,27.6,24
air_quality,2026-05-26T10:00:00+00:00,3117735,Madrid,ES,2026-05-21T08:00,40.4165,-3.7026,Europe/Madrid,44.8,9.4,410.5,24.3,115.8,28
air_quality,2026-05-26T10:00:00+00:00,3117735,Madrid,ES,2026-05-21T09:00,40.4165,-3.7026,Europe/Madrid,22.7,7.6,178.9,38.1,96.0,19
air_quality,2026-05-26T10:00:00+00:00,3117735,Madrid,ES,2026-05-21T10:00,40.4165,-3.7026,Europe/Madrid,18.3,31.4,297.6,46.5,96.0,67
air_quality,2026-05-26T10:00:00+00:00,3117735,Madrid,ES,2026-05-21T11:00,40.4165,-3.7026,Europe/Madrid,56.1,35.5,357.2,59.3,52.3,90
air_quality,2026-05-26T10:00:00+00:00,3117735,Madrid,ES,2026-05-21T12:00,40.4165,-3.7026,Europe/Madrid,28.7,18.7,287.6,39.7,99.6,85
air_quality,2026-05-26T10:00:00+00:00,3117735,Madrid,ES,2026-05-21T13:00,40.4165,-3.7026,Europe/Madrid,9.2,21.3,224.2,29.9,25.7,46
air_quality,2026-05-26T10:00:00+00:00,3117735,Madrid,ES,2026-05-21T14:00,40.4165,-3.7026,Europe/Madrid,10.8,34.8,442.1,38.8,70.7,69
air_quality,2026-05-26T10:00:00+00:00,3117735,Madrid,ES,2026-05-21T15:00,40.4165,-3.7026,Europe/Madrid,48.5,38.3,395.6,7.3,110.9,83
air_quality,2026-05-26T10:00:00+00:00,3117735,Madrid,ES,2026-05-21T16:00,40.4165,-3.7026,Europe/Madrid,53.9,14.2,290.3,13.3,26.2,23
air_quality,2026-05-26T10:00:00+00:00,3117735,Madrid,ES,2026-05-21T17:00,40.4165,-3.7026,Europe/Madrid,65.8,33.8,493.0,9.6,84.6,15
air_quality,2026-05-26T10:00:00+00:00,3117735,Madrid,ES,2026-05-21T18:00,40.4165,-3.7026,Europe/Madrid,23.6,18.6,275.8,33.8,35.9,57
air_quality,2026-05-26T10:00:00+00:00,3117735,Madrid,ES,2026-05-21T19:00,40.4165,-3.7026,Europe/Madrid,73.8,16.7,409.8,42.3,25.2,90
air_quality,2026-05-26T10:00:00+00:00,3117735,Madrid,ES,2026-05-21T20:00,40.4165,-3.7026,Europe/Madrid,53.5,4.5,137.8,42.3,48.4,87
air_quality,2026-05-26T10:00:00+00:00,3117735,Madrid,ES,2026-05-21T21:00,40.4165,-3.7026,Europe/Madrid,70.5,14.7,333.1,12.8,55.0,60
air_quality,2026-05-26T10:00:00+00:00,3117735,Madrid,ES,2026-05-21T22:00,40.4165,-3.7026,Europe/Madrid,14.7,28.9,133.9,35.7,84.3,52
air_quality,2026-05-26T10:00:00+00:00,3117735,Madrid,ES,2026-05-21T23:00,40.4165,-3.7026,Europe/Madrid,66.0,27.5,431.6,45.6,88.5,77
air_quality,2026-05-26T10:00:00+00:00,3117735,Madrid,ES,2026-05-22T00:00,40.4165,-3.7026,Europe/Madrid,12.0,27.5,303.4,6.0,50.9,37
air_quality,2026-05-26T10:00:00+00:00,3117735,Madrid,ES,2026-05-22T01:00,40.4165,-3.7026,Europe/Madrid,30.6,31.1,176.8,60.0,35.5,47
air_quality,2026-05-26T10:00:00+00:00,3117735,Madrid,ES,2026-05-22T02:00,40.4165,-3.7026,Europe/Madrid,68.3,5.8,408.3,50.9,108.4,14
air_quality,2026-05-26T10:00:00+00:00,3117735,Madrid,ES,2026-05-22T03:00,40.4165,-3.7026,Europe/Madrid,54.6,35.3,347.2,37.8,35.4,33
air_quality,2026-05-26T10:00:00+00:00,3117735,Madrid,ES,2026-05-22T04:00,40.4165,-3.7026,Europe/Madrid,67.4,31.3,423.6,14.1,63.8,62
air_quality,2026-05-26T10:00:00+00:00,3117735,Madrid,ES,2026-05-22T05:00,40.4165,-3.7026,Europe/Madrid,32.3,29.3,487.8,38.6,95.2,67
air_quality,2026-05-26T10:00:00+00:00,3117735,Madrid,ES,2026-05-22T06:00,40.4165,-3.7026,Europe/Madrid,22.6,11.1,486.2,48.1,110.4,34
air_quality,2026-05-26T10:00:00+00:00,3117735,Madrid,ES,2026-05-22T07:00,40.4165,-3.7026,Europe/Madrid,32.6,38.0,493.8,30.4,48.2,58
air_quality,2026-05-26T10:00:00+00:00,3117735,Madrid,ES,2026-05-22T08:00,40.4165,-3.7026,Europe/Madrid,42.7,17.9,164.8,16.0,80.5,42
air_quality,2026-05-26T10:00:00+00:00,3117735,Madrid,ES,2026-05-22T09:00,40.4165,-3.7026,Europe/Madrid,8.9,20.3,248.5,56.4,91.1,76
air_quality,2026-05-26T10:00:00+00:00,3117735,Madrid,ES,2026-05-22T10:00,40.4165,-3.7026,Europe/Madrid,68.8,12.8,405.2,20.0,110.5,28
air_quality,2026-05-26T10:00:00+00:00,3117735,Madrid,ES,2026-05-22T11:00,40.4165,-3.7026,Europe/Madrid,67.3,5.5,464.2,49.9,108.5,13
air_quality,2026-05-26T10:00:00+00:00,3117735,Madrid,ES,2026-05-22T12:00,40.4165,-3.7026,Europe/Madrid,36.1,17.1,249.6,26.2,28.2,38
air_quality,2026-05-26T10:00:00+00:00,3117735,Madrid,ES,2026-05-22T13:00,40.4165,-3.7026,Europe/Madrid,7.1,37.4,435.7,40.7,99.1,27
air_quality,2026-05-26T10:00:00+00:00,3117735,Madrid,ES,2026-05-22T14:00,40.4165,-3.7026,Europe/Madrid,7.9,36.9,289.0,50.7,95.9,70
air_quality,2026-05-26T10:00:00+00:00,3117735,Madrid,ES,2026-05-22T15:00,40.4165,-3.7026,Europe/Madrid,38.6,2.2,131.7,19.1,103.5,80
air_quality,2026-05-26T10:00:00+00:00,3117735,Madrid,ES,2026-05-22T16:00,40.4165,-3.7026,Europe/Madrid,75.5,25.1,269.3,47.7,43.8,25
air_quality,2026-05-26T10:00:00+00:00,3117735,Madrid,ES,2026-05-22T17:00,40.4165,-3.7026,Europe/Madrid,8.6,18.0,417.6,30.1,31.1,73
air_quality,2026-05-26T10:00:00+00:00,3117735,Madrid,ES,2026-05-22T18:00,40.4165,-3.7026,Europe/Madrid,49.8,2.6,306.2,18.3,34.4,64
air_quality,2026-05-26T10:00:00+00:00,3117735,Madrid,ES,2026-05-22T19:00,40.4165,-3.7026,Europe/Madrid,5.1,15.4,328.3,15.3,86.8,77
air_quality,2026-05-26T10:00:00+00:00,3117735,Madrid,ES,2026-05-22T20:00,40.4165,-3.7026,Europe/Madrid,78.1,4.6,310.4,32.9,118.8,80
air_quality,2026-05-26T10:00:00+00:00,3117735,Madrid,ES,2026-05-22T21:00,40.4165,-3.7026,Europe/Madrid,6.5,35.2,117.4,26.3,57.3,12
air_quality,2026-05-26T10:00:00+00:00,3117735,Madrid,ES,2026-05-22T22:00,40.4165,-3.7026,Europe/Madrid,31.8,4.6,196.5,41.1,30.4,84
air_quality,2026-05-26T10:00:00+00:00,3117735,Madrid,ES,2026-05-22T23:00,40.4165,-3.7026,Europe/Madrid,60.1,14.6,117.7,35.0,101.4,32
air_quality,2026-05-26T10:00:00+00:00,3117735,Madrid,ES,2026-05-23T00:00,40.4165,-3.7026,Europe/Madrid,67.3,28.0,492.3,31.3,38.2,27
air_quality,2026-05-26T10:00:00+00:00,3117735,Madrid,ES,2026-05-23T01:00,40.4165,-3.7026,Europe/Madrid,9.7,31.5,283.1,21.1,24.4,35
air_quality,2026-05-26T10:00:00+00:00,3117735,Madrid,ES,2026-05-23T02:00,40.4165,-3.7026,Europe/Madrid,71.4,14.0,224.0,26.9,101.5,70
air_quality,2026-05-26T10:00:00+00:00,3117735,Madrid,ES,2026-05-23T03:00,40.4165,-3.7026,Europe/Madrid,24.0,30.6,176.4,24.6,98.1,52
air_quality,2026-05-26T10:00:00+00:00,3117735,Madrid,ES,2026-05-23T04:00,40.4165,-3.7026,Europe/Madrid,25.5,32.4,274.8,27.0,64.0,59
air_quality,2026-05-26T10:00:00+00:00,3117735,Madrid,ES,2026-05-23T05:00,40.4165,-3.7026,Europe/Madrid,30.4,9.1,376.8,25.2,99.7,44
air_quality,2026-05-26T10:00:00+00:00,3117735,Madrid,ES,2026-05-23T06:00,40.4165,-3.7026,Europe/Madrid,65.1,29.6,131.6,38.1,102.2,79
air_quality,2026-05-26T10:00:00+00:00,3117735,Madrid,ES,2026-05-23T07:00,40.4165,-3.7026,Europe/Madrid,27.0,5.9,231.2,21.3,64.6,64
air_quality,2026-05-26T10:00:00+00:00,3117735,Madrid,ES,2026-05-23T08:00,40.4165,-3.7026,Europe/Madrid,17.5,18.9,278.9,45.0,111.2,88
air_quality,2026-05-26T10:00:00+00:00,3117735,Madrid,ES,2026-05-23T09:00,40.4165,-3.7026,Europe/Madrid,79.9,12.4,492.0,57.1,27.5,61
air_quality,2026-05-26T10:00:00+00:00,3117735,Madrid,ES,2026-05-23T10:00,40.4165,-3.7026,Europe/Madrid,32.2,32.4,371.8,57.4,34.3,87
air_quality,2026-05-26T10:00:00+00:00,3117735,Madrid,ES,2026-05-23T11:00,40.4165,-3.7026,Europe/Madrid,55.9,18.7,150.5,18.0,84.5,56
air_quality,2026-05-26T10:00:00+00:00,3117735,Madrid,ES,2026-05-23T12:00,40.4165,-3.7026,Europe/Madrid,33.7,23.6,342.0,42.3,114.9,57
air_quality,2026-05-26T10:00:00+00:00,3117735,Madrid,ES,2026-05-23T13:00,40.4165,-3.7026,Europe/Madrid,38.3,4.9,155.1,25.2,51.4,45
air_quality,2026-05-26T10:00:00+00:00,3117735,Madrid,ES,2026-05-23T14:00,40.4165,-3.7026,Europe/Madrid,23.7,6.3,394.3,32.4,58.7,81
air_quality,2026-05-26T10:00:00+00:00,3117735,Madrid,ES,2026-05-23T15:00,40.4165,-3.7026,Europe/Madrid,13.8,31.4,381.6,16.8,81.2,72
air_quality,2026-05-26T10:00:00+00:00,3117735,Madrid,ES,2026-05-23T16:00,40.4165,-3.7026,Europe/Madrid,20.0,7.2,129.6,14.5,91.3,21
air_quality,2026-05-26T10:00:00+00:00,3117735,Madrid,ES,2026-05-23T17:00,40.4165,-3.7026,Europe/Madrid,65.8,38.8,494.6,41.7,91.0,80
air_quality,2026-05-26T10:00:00+00:00,3117735,Madrid,ES,2026-05-23T18:00,40.4165,-3.7026,Europe/Madrid,45.7,35.9,440.5,44.1,112.7,32
air_quality,2026-05-26T10:00:00+00:00,3117735,Madrid,ES,2026-05-23T19:00,40.4165,-3.7026,Europe/Madrid,64.5,21.3,148.5,16.1,33.9,73
air_quality,2026-05-26T10:00:00+00:00,3117735,Madrid,ES,2026-05-23T20:00,40.4165,-3.7026,Europe/Madrid,7.0,23.1,247.6,49.2,75.2,88
air_quality,2026-05-26T10:00:00+00:00,3117735,Madrid,ES,2026-05-23T21:00,40.4165,-3.7026,Europe/Madrid,71.3,4.5,259.3,44.4,67.9,62
air_quality,2026-05-26T10:00:00+00:00,3117735,Madrid,ES,2026-05-23T22:00,40.4165,-3.7026,Europe/Madrid,62.7,33.3,129.5,58.5,84.2,67
air_quality,2026-05-26T10:00:00+00:00,3117735,Madrid,ES,2026-05-23T23:00,40.4165,-3.7026,Europe/Madrid,39.9,21.7,151.3,50.6,75.1,85
air_quality,2026-05-26T10:00:00+00:00,3117735,Madrid,ES,2026-05-24T00:00,40.4165,-3.7026,Europe/Madrid,18.6,38.7,273.0,55.1,25.5,25
air_quality,2026-05-26T10:00:00+00:00,3117735,Madrid,ES,2026-05-24T01:00,40.4165,-3.7026,Europe/Madrid,43.9,13.6,164.8,56.4,42.5,76
air_quality,2026-05-26T10:00:00+00:00,3117735,Madrid,ES,2026-05-24T02:00,40.4165,-3.7026,Europe/Madrid,72.1,34.1,200.2,39.9,75.1,26
air_quality,2026-05-26T10:00:00+00:00,3117735,Madrid,ES,2026-05-24T03:00,40.4165,-3.7026,Europe/Madrid,51.9,25.3,137.4,40.3,79.2,84
air_quality,2026-05-26T10:00:00+00:00,3117735,Madrid,ES,2026-05-24T04:00,40.4165,-3.7026,Europe/Madrid,16.6,27.0,388.3,38.3,104.3,82
air_quality,2026-05-26T10:00:00+00:00,3117735,Madrid,ES,2026-05-24T05:00,40.4165,-3.7026,Europe/Madrid,8.1,34.8,132.5,57.2,97.1,43
air_quality,2026-05-26T10:00:00+00:00,3117735,Madrid,ES,2026-05-24T06:00,40.4165,-3.7026,Europe/Madrid,53.8,31.1,266.6,40.1,69.8,90
air_quality,2026-05-26T10:00:00+00:00,3117735,Madrid,ES,2026-05-24T07:00,40.4165,-3.7026,Europe/Madrid,45.9,26.4,220.8,18.5,100.7,61
air_quality,2026-05-26T10:00:00+00:00,3117735,Madrid,ES,2026-05-24T08:00,40.4165,-3.7026,Europe/Madrid,27.3,4.8,124.0,29.2,68.4,36
air_quality,2026-05-26T10:00:00+00:00,3117735,Madrid,ES,2026-05-24T09:00,40.4165,-3.7026,Europe/Madrid,30.5,7.5,444.6,22.6,118.8,54
air_quality,2026-05-26T10:00:00+00:00,3117735,Madrid,ES,2026-05-24T10:00,40.4165,-3.7026,Europe/Madrid,78.2,7.0,248.2,35.9,51.9,69
air_quality,2026-05-26T10:00:00+00:00,3117735,Madrid,ES,2026-05-24T11:00,40.4165,-3.7026,Europe/Madrid,14.2,19.1,156.4,7.8,114.5,88
air_quality,2026-05-26T10:00:00+00:00,3117735,Madrid,ES,2026-05-24T12:00,40.4165,-3.7026,Europe/Madrid,36.4,38.6,460.9,49.7,113.4,50
air_quality,2026-05-26T10:00:00+00:00,3117735,Madrid,ES,2026-05-24T13:00,40.4165,-3.7026,Europe/Madrid,19.2,8.1,498.4,30.7,107.9,73
air_quality,2026-05-26T10:00:00+00:00,3117735,Madrid,ES,2026-05-24T14:00,40.4165,-3.7026,Europe/Madrid,6.7,37.9,302.2,58.2,41.5,55
air_quality,2026-05-26T10:00:00+00:00,3117735,Madrid,ES,2026-05-24T15:00,40.4165,-3.7026,Europe/Madrid,8.6,12.7,339.0,51.4,87.3,46
air_quality,2026-05-26T10:00:00+00:00,3117735,Madrid,ES,2026-05-24T16:00,40.4165,-3.7026,Europe/Madrid,45.3,34.2,272.4,53.5,92.8,61
air_quality,2026-05-26T10:00:00+00:00,3117735,Madrid,ES,2026-05-24T17:00,40.4165,-3.7026,Europe/Madrid,32.4,17.2,328.1,15.7,75.3,19
air_quality,2026-05-26T10:00:00+00:00,3117735,Madrid,ES,2026-05-24T18:00,40.4165,-3.7026,Europe/Madrid,34.0,19.1,319.9,50.4,82.3,88
air_quality,2026-05-26T10:00:00+00:00,3117735,Madrid,ES,2026-05-24T19:00,40.4165,-3.7026,Europe/Madrid,13.9,39.1,257.6,48.7,53.9,56
air_quality,2026-05-26T10:00:00+00:00,3117735,Madrid,ES,2026-05-24T20:00,40.4165,-3.7026,Europe/Madrid,61.6,9.6,303.6,32.5,24.5,27
air_quality,2026-05-26T10:00:00+00:00,3117735,Madrid,ES,2026-05-24T21:00,40.4165,-3.7026,Europe/Madrid,58.5,32.6,307.7,13.2,109.3,27
air_quality,2026-05-26T10:00:00+00:00,3117735,Madrid,ES,2026-05-24T22:00,40.4165,-3.7026,Europe/Madrid,29.6,25.3,165.0,59.5,93.9,48
air_quality,2026-05-26T10:00:00+00:00,3117735,Madrid,ES,2026-05-24T23:00,40.4165,-3.7026,Europe/Madrid,49.5,21.3,303.9,31.9,76.3,70
air_quality,2026-05-26T10:00:00+00:00,3117735,Madrid,ES,2026-05-25T00:00,40.4165,-3.7026,Europe/Madrid,66.2,16.0,369.5,58.9,78.4,90
air_quality,2026-05-26T10:00:00+00:00,3117735,Madrid,ES,2026-05-25T01:00,40.4165,-3.7026,Europe/Madrid,7.0,20.0,486.8,48.1,97.6,83
air_quality,2026-05-26T10:00:00+00:00,3117735,Madrid,ES,2026-05-25T02:00,40.4165,-3.7026,Europe/Madrid,22.1,4.0,292.2,33.8,92.1,58
air_quality,2026-05-26T10:00:00+00:00,3117735,Madrid,ES,2026-05-25T03:00,40.4165,-3.7026,Europe/Madrid,16.1,27.9,112.6,57.2,31.0,12
air_quality,2026-05-26T10:00:00+00:00,3117735,Madrid,ES,2026-05-25T04:00,40.4165,-3.7026,Europe/Madrid,38.1,17.9,265.2,16.2,70.2,88
air_quality,2026-05-26T10:00:00+00:00,3117735,Madrid,ES,2026-05-25T05:00,40.4165,-3.7026,Europe/Madrid,74.0,35.2,394.3,8.4,33.8,36
air_quality,2026-05-26T10:00:00+00:00,3117735,Madrid,ES,2026-05-25T06:00,40.4165,-3.7026,Europe/Madrid,47.1,39.9,291.3,25.7,115.7,68
air_quality,2026-05-26T10:00:00+00:00,3117735,Madrid,ES,2026-05-25T07:00,40.4165,-3.7026,Europe/Madrid,73.4,15.0,241.7,47.5,92.1,43
air_quality,2026-05-26T10:00:00+00:00,3117735,Madrid,ES,2026-05-25T08:00,40.4165,-3.7026,Europe/Madrid,50.8,9.3,198.6,35.7,42.5,48
air_quality,2026-05-26T10:00:00+00:00,3117735,Madrid,ES,2026-05-25T09:00,40.4165,-3.7026,Europe/Madrid,62.8,28.8,376.1,31.9,68.0,81
air_quality,2026-05-26T10:00:00+00:00,3117735,Madrid,ES,2026-05-25T10:00,40.4165,-3.7026,Europe/Madrid,75.0,32.2,209.4,11.7,87.7,58
air_quality,2026-05-26T10:00:00+00:00,3117735,Madrid,ES,2026-05-25T11:00,40.4165,-3.7026,Europe/Madrid,72.2,17.0,238.1,47.5,34.6,15
air_quality,2026-05-26T10:00:00+00:00,3117735,Madrid,ES,2026-05-25T12:00,40.4165,-3.7026,Europe/Madrid,26.6,29.1,238.5,29.3,45.6,71
air_quality,2026-05-26T10:00:00+00:00,3117735,Madrid,ES,2026-05-25T13:00,40.4165,-3.7026,Europe/Madrid,21.0,33.5,208.5,35.9,47.2,23
air_quality,2026-05-26T10:00:00+00:00,3117735,Madrid,ES,2026-05-25T14:00,40.4165,-3.7026,Europe/Madrid,51.2,24.3,197.0,41.8,73.1,39
air_quality,2026-05-26T10:00:00+00:00,3117735,Madrid,ES,2026-05-25T15:00,40.4165,-3.7026,Europe/Madrid,8.9,17.7,386.9,10.5,97.1,10
air_quality,2026-05-26T10:00:00+00:00,3117735,Madrid,ES,2026-05-25T16:00,40.4165,-3.7026,Europe/Madrid,77.3,39.2,163.2,40.9,108.1,70
air_quality,2026-05-26T10:00:00+00:00,3117735,Madrid,ES,2026-05-25T17:00,40.4165,-3.7026,Europe/Madrid,40.8,9.6,485.6,22.7,84.6,21
air_quality,2026-05-26T10:00:00+00:00,3117735,Madrid,ES,2026-05-25T18:00,40.4165,-3.7026,Europe/Madrid,53.9,10.8,395.5,51.8,23.7,32
air_quality,2026-05-26T10:00:00+00:00,3117735,Madrid,ES,2026-05-25T19:00,40.4165,-3.7026,Europe/Madrid,36.3,33.8,473.6,7.0,103.6,73
air_quality,2026-05-26T10:00:00+00:00,3117735,Madrid,ES,2026-05-25T20:00,40.4165,-3.7026,Europe/Madrid,19.0,30.5,448.9,20.9,23.7,48
air_quality,2026-05-26T10:00:00+00:00,3117735,Madrid,ES,2026-05-25T21:00,40.4165,-3.7026,Europe/Madrid,47.6,6.1,493.2,20.7,118.9,79
air_quality,2026-05-26T10:00:00+00:00,3117735,Madrid,ES,2026-05-25T22:00,40.4165,-3.7026,Europe/Madrid,44.3,35.8,153.7,32.7,47.3,24
air_quality,2026-05-26T10:00:00+00:00,3117735,Madrid,ES,2026-05-25T23:00,40.4165,-3.7026,Europe/Madrid,29.8,29.8,359.3,44.5,21.4,53
air_quality,2026-05-26T10:00:00+00:00,3128760,Barcelona,ES,2026-05-21T00:00,41.3888,2.159,Europe/Madrid,64.3,23.6,402.9,14.7,105.6,61
air_quality,2026-05-26T10:00:00+00:00,3128760,Barcelona,ES,2026-05-21T01:00,41.3888,2.159,Europe/Madrid,67.0,21.6,134.7,41.8,38.5,27
air_quality,2026-05-26T10:00:00+00:00,3128760,Barcelona,ES,2026-05-21T02:00,41.3888,2.159,Europe/Madrid,40.8,37.6,102.7,26.1,64.7,44
air_quality,2026-05-26T10:00:00+00:00,3128760,Barcelona,ES,2026-05-21T03:00,41.3888,2.159,Europe/Madrid,76.6,13.5,389.2,5.6,85.4,40
air_quality,2026-05-26T10:00:00+00:00,3128760,Barcelona,ES,2026-05-21T04:00,41.3888,2.159,Europe/Madrid,9.7,6.5,222.7,27.3,70.3,49
air_quality,2026-05-26T10:00:00+00:00,3128760,Barcelona,ES,2026-05-21T05:00,41.3888,2.159,Europe/Madrid,56.8,26.3,476.3,25.2,42.1,27
air_quality,2026-05-26T10:00:00+00:00,3128760,Barcelona,ES,2026-05-21T06:00,41.3888,2.159,Europe/Madrid,40.9,19.3,495.5,25.5,90.2,70
air_quality,2026-05-26T10:00:00+00:00,3128760,Barcelona,ES,2026-05-21T07:00,41.3888,2.159,Europe/Madrid,61.8,32.5,430.2,46.9,88.0,86
air_quality,2026-05-26T10:00:00+00:00,3128760,Barcelona,ES,2026-05-21T08:00,41.3888,2.159,Europe/Madrid,70.5,5.1,278.7,43.7,27.8,82
air_quality,2026-05-26T10:00:00+00:00,3128760,Barcelona,ES,2026-05-21T09:00,41.3888,2.159,Europe/Madrid,13.4,33.5,461.2,16.1,73.7,31
air_quality,2026-05-26T10:00:00+00:00,3128760,Barcelona,ES,2026-05-21T10:00,41.3888,2.159,Europe/Madrid,29.6,21.8,146.5,16.3,78.3,21
air_quality,2026-05-26T10:00:00+00:00,3128760,Barcelona,ES,2026-05-21T11:00,41.3888,2.159,Europe/Madrid,72.4,18.9,122.3,12.3,61.5,82
air_quality,2026-05-26T10:00:00+00:00,3128760,Barcelona,ES,2026-05-21T12:00,41.3888,2.159,Europe/Madrid,9.3,19.6,422.8,44.8,59.6,10
air_quality,2026-05-26T10:00:00+00:00,3128760,Barcelona,ES,2026-05-21T13:00,41.3888,2.159,Europe/Madrid,60.9,24.0,118.1,23.9,26.4,17
air_quality,2026-05-26T10:00:00+00:00,3128760,Barcelona,ES,2026-05-21T14:00,41.3888,2.159,Europe/Madrid,75.1,4.6,473.5,6.7,60.9,27
air_quality,2026-05-26T10:00:00+00:00,3128760,Barcelona,ES,2026-05-21T15:00,41.3888,2.159,Europe/Madrid,62.4,39.2,358.4,28.1,119.3,58
air_quality,2026-05-26T10:00:00+00:00,3128760,Barcelona,ES,2026-05-21T16:00,41.3888,2.159,Europe/Madrid,38.6,36.9,251.0,9.4,116.4,79
air_quality,2026-05-26T10:00:00+00:00,3128760,Barcelona,ES,2026-05-21T17:00,41.3888,2.159,Europe/Madrid,15.0,34.7,147.5,59.6,59.3,26
air_quality,2026-05-26T10:00:00+00:00,3128760,Barcelona,ES,2026-05-21T18:00,41.3888,2.159,Europe/Madrid,59.6,10.5,101.4,6.3,49.8,79
air_quality,2026-05-26T10:00:00+00:00,3128760,Barcelona,ES,2026-05-21T19:00,41.3888,2.159,Europe/Madrid,36.8,16.4,191.9,30.3,35.5,34
air_quality,2026-05-26T10:00:00+00:00,3128760,Barcelona,ES,2026-05-21T20:00,41.3888,2.159,Europe/Madrid,75.3,29.6,145.1,49.5,61.9,12
air_quality,2026-05-26T10:00:00+00:00,3128760,Barcelona,ES,2026-05-21T21:00,41.3888,2.159,Europe/Madrid,23.0,4.6,337.6,29.6,87.2,16
air_quality,2026-05-26T10:00:00+00:00,3128760,Barcelona,ES,2026-05-21T22:00,41.3888,2.159,Europe/Madrid,23.4,3.7,275.6,34.7,95.4,17
air_quality,2026-05-26T10:00:00+00:00,3128760,Barcelona,ES,2026-05-21T23:00,41.3888,2.159,Europe/Madrid,15.5,39.8,193.7,55.4,77.6,83
air_quality,2026-05-26T10:00:00+00:00,3128760,Barcelona,ES,2026-05-22T00:00,41.3888,2.159,Europe/Madrid,49.8,27.6,228.3,21.6,34.3,76
air_quality,2026-05-26T10:00:00+00:00,3128760,Barcelona,ES,2026-05-22T01:00,41.3888,2.159,Europe/Madrid,21.6,13.4,124.4,57.2,108.0,32
air_quality,2026-05-26T10:00:00+00:00,3128760,Barcelona,ES,2026-05-22T02:00,41.3888,2.159,Europe/Madrid,51.9,18.2,298.2,58.5,114.2,58
air_quality,2026-05-26T10:00:00+00:00,3128760,Barcelona,ES,2026-05-22T03:00,41.3888,2.159,Europe/Madrid,63.9,14.1,266.5,13.2,57.6,78
air_quality,2026-05-26T10:00:00+00:00,3128760,Barcelona,ES,2026-05-22T04:00,41.3888,2.159,Europe/Madrid,40.5,34.3,220.3,43.9,100.6,17
air_quality,2026-05-26T10:00:00+00:00,3128760,Barcelona,ES,2026-05-22T05:00,41.3888,2.159,Europe/Madrid,47.2,38.8,322.9,12.4,44.3,36
air_quality,2026-05-26T10:00:00+00:00,3128760,Barcelona,ES,2026-05-22T06:00,41.3888,2.159,Europe/Madrid,29.8,5.0,279.9,25.4,73.6,34
air_quality,2026-05-26T10:00:00+00:00,3128760,Barcelona,ES,2026-05-22T07:00,41.3888,2.159,Europe/Madrid,8.9,16.3,342.0,7.2,27.3,85
air_quality,2026-05-26T10:00:00+00:00,3128760,Barcelona,ES,2026-05-22T08:00,41.3888,2.159,Europe/Madrid,59.3,23.2,291.8,52.8,53.3,11
air_quality,2026-05-26T10:00:00+00:00,3128760,Barcelona,ES,2026-05-22T09:00,41.3888,2.159,Europe/Madrid,20.9,9.2,396.6,46.1,95.4,41
air_quality,2026-05-26T10:00:00+00:00,3128760,Barcelona,ES,2026-05-22T10:00,41.3888,2.159,Europe/Madrid,57.2,28.7,258.7,18.2,52.2,46
air_quality,2026-05-26T10:00:00+00:00,3128760,Barcelona,ES,2026-05-22T11:00,41.3888,2.159,Europe/Madrid,33.5,22.3,243.7,19.4,71.3,73
air_quality,2026-05-26T10:00:00+00:00,3128760,Barcelona,ES,2026-05-22T12:00,41.3888,2.159,Europe/Madrid,40.0,32.5,389.0,46.9,52.0,36
air_quality,2026-05-26T10:00:00+00:00,3128760,Barcelona,ES,2026-05-22T13:00,41.3888,2.159,Europe/Madrid,32.8,17.7,325.0,17.2,34.6,43
air_quality,2026-05-26T10:00:00+00:00,3128760,Barcelona,ES,2026-05-22T14:00,41.3888,2.159,Europe/Madrid,46.5,24.2,388.0,21.2,39.6,39
air_quality,2026-05-26T10:00:00+00:00,3128760,Barcelona,ES,2026-05-22T15:00,41.3888,2.159,Europe/Madrid,33.5,33.7,299.7,41.0,88.5,42
air_quality,2026-05-26T10:00:00+00:00,3128760,Barcelona,ES,2026-05-22T16:00,41.3888,2.159,Europe/Madrid,62.3,20.6,389.4,45.7,66.1,55
air_quality,2026-05-26T10:00:00+00:00,3128760,Barcelona,ES,2026-05-22T17:00,41.3888,2.159,Europe/Madrid,17.7,29.4,295.3,55.4,74.2,17
air_quality,2026-05-26T10:00:00+00:00,3128760,Barcelona,ES,2026-05-22T18:00,41.3888,2.159,Europe/Madrid,44.3,33.9,129.7,50.0,24.9,10
air_quality,2026-05-26T10:00:00+00:00,3128760,Barcelona,ES,2026-05-22T19:00,41.3888,2.159,Europe/Madrid,35.9,34.0,192.6,43.9,20.9,74
air_quality,2026-05-26T10:00:00+00:00,3128760,Barcelona,ES,2026-05-22T20:00,41.3888,2.159,Europe/Madrid,39.2,4.3,355.1,56.4,111.3,72
air_quality,2026-05-26T10:00:00+00:00,3128760,Barcelona,ES,2026-05-22T21:00,41.3888,2.159,Europe/Madrid,6.2,22.2,264.5,5.9,92.2,78
air_quality,2026-05-26T10:00:00+00:00,3128760,Barcelona,ES,2026-05-22T22:00,41.3888,2.159,Europe/Madrid,78.3,2.7,425.3,42.1,100.6,32
air_quality,2026-05-26T10:00:00+00:00,3128760,Barcelona,ES,2026-05-22T23:00,41.3888,2.159,Europe/Madrid,13.0,5.7,159.6,15.6,72.6,55
air_quality,2026-05-26T10:00:00+00:00,3128760,Barcelona,ES,2026-05-23T00:00,41.3888,2.159,Europe/Madrid,25.0,17.1,249.2,27.3,76.5,38
air_quality,2026-05-26T10:00:00+00:00,3128760,Barcelona,ES,2026-05-23T01:00,41.3888,2.159,Europe/Madrid,27.5,33.5,132.2,59.5,85.0,14
air_quality,2026-05-26T10:00:00+00:00,3128760,Barcelona,ES,2026-05-23T02:00,41.3888,2.159,Europe/Madrid,12.0,16.4,321.1,8.1,20.9,31
air_quality,2026-05-26T10:00:00+00:00,3128760,Barcelona,ES,2026-05-23T03:00,41.3888,2.159,Europe/Madrid,11.2,34.1,358.0,23.2,117.7,22
air_quality,2026-05-26T10:00:00+00:00,3128760,Barcelona,ES,2026-05-23T04:00,41.3888,2.159,Europe/Madrid,72.1,36.9,191.9,54.6,89.2,82
air_quality,2026-05-26T10:00:00+00:00,3128760,Barcelona,ES,2026-05-23T05:00,41.3888,2.159,Europe/Madrid,40.7,3.8,129.7,55.9,109.9,82
air_quality,2026-05-26T10:00:00+00:00,3128760,Barcelona,ES,2026-05-23T06:00,41.3888,2.159,Europe/Madrid,54.4,8.8,440.2,5.9,40.7,28
air_quality,2026-05-26T10:00:00+00:00,3128760,Barcelona,ES,2026-05-23T07:00,41.3888,2.159,Europe/Madrid,61.4,29.1,259.3,9.2,36.2,40
air_quality,2026-05-26T10:00:00+00:00,3128760,Barcelona,ES,2026-05-23T08:00,41.3888,2.159,Europe/Madrid,47.5,34.3,370.8,34.7,58.4,27
air_quality,2026-05-26T10:00:00+00:00,3128760,Barcelona,ES,2026-05-23T09:00,41.3888,2.159,Europe/Madrid,64.3,28.2,131.4,46.0,54.6,22
air_quality,2026-05-26T10:00:00+00:00,3128760,Barcelona,ES,2026-05-23T10:00,41.3888,2.159,Europe/Madrid,37.8,33.9,236.2,47.3,115.5,60
air_quality,2026-05-26T10:00:00+00:00,3128760,Barcelona,ES,2026-05-23T11:00,41.3888,2.159,Europe/Madrid,77.7,14.4,353.6,48.1,65.1,39
air_quality,2026-05-26T10:00:00+00:00,3128760,Barcelona,ES,2026-05-23T12:00,41.3888,2.159,Europe/Madrid,31.7,37.8,272.7,42.4,86.1,20
air_quality,2026-05-26T10:00:00+00:00,3128760,Barcelona,ES,2026-05-23T13:00,41.3888,2.159,Europe/Madrid,62.9,13.2,198.6,9.0,46.8,58
air_quality,2026-05-26T10:00:00+00:00,3128760,Barcelona,ES,2026-05-23T14:00,41.3888,2.159,Europe/Madrid,58.4,26.1,395.9,22.4,30.7,10
air_quality,2026-05-26T10:00:00+00:00,3128760,Barcelona,ES,2026-05-23T15:00,41.3888,2.159,Europe/Madrid,75.7,18.9,404.5,10.6,28.7,65
air_quality,2026-05-26T10:00:00+00:00,3128760,Barcelona,ES,2026-05-23T16:00,41.3888,2.159,Europe/Madrid,38.7,23.1,263.2,6.4,55.4,21
air_quality,2026-05-26T10:00:00+00:00,3128760,Barcelona,ES,2026-05-23T17:00,41.3888,2.159,Europe/Madrid,49.8,31.8,445.5,5.7,61.4,20
air_quality,2026-05-26T10:00:00+00:00,3128760,Barcelona,ES,2026-05-23T18:00,41.3888,2.159,Europe/Madrid,59.4,23.3,497.1,18.4,72.1,58
air_quality,2026-05-26T10:00:00+00:00,3128760,Barcelona,ES,2026-05-23T19:00,41.3888,2.159,Europe/Madrid,17.7,12.2,207.4,13.0,36.7,45
air_quality,2026-05-26T10:00:00+00:00,3128760,Barcelona,ES,2026-05-23T20:00,41.3888,2.159,Europe/Madrid,36.6,20.4,130.8,18.8,44.7,90
air_quality,2026-05-26T10:00:00+00:00,3128760,Barcelona,ES,2026-05-23T21:00,41.3888,2.159,Europe/Madrid,42.2,25.4,283.1,12.5,20.7,60
air_quality,2026-05-26T10:00:00+00:00,3128760,Barcelona,ES,2026-05-23T22:00,41.3888,2.159,Europe/Madrid,29.9,25.6,421.6,23.1,53.5,86
air_quality,2026-05-26T10:00:00+00:00,3128760,Barcelona,ES,2026-05-23T23:00,41.3888,2.159,Europe/Madrid,15.2,14.2,478.9,16.0,51.4,60
air_quality,2026-05-26T10:00:00+00:00,3128760,Barcelona,ES,2026-05-24T00:00,41.3888,2.159,Europe/Madrid,77.7,13.1,378.0,32.0,77.6,41
air_quality,2026-05-26T10:00:00+00:00,3128760,Barcelona,ES,2026-05-24T01:00,41.3888,2.159,Europe/Madrid,29.4,12.7,414.3,25.1,113.2,35
air_quality,2026-05-26T10:00:00+00:00,3128760,Barcelona,ES,2026-05-24T02:00,41.3888,2.159,Europe/Madrid,49.4,22.7,372.7,35.3,115.3,69
air_quality,2026-05-26T10:00:00+00:00,3128760,Barcelona,ES,2026-05-24T03:00,41.3888,2.159,Europe/Madrid,75.7,10.0,419.1,50.7,26.9,62
air_quality,2026-05-26T10:00:00+00:00,3128760,Barcelona,ES,2026-05-24T04:00,41.3888,2.159,Europe/Madrid,55.5,7.3,221.1,18.9,35.4,64
air_quality,2026-05-26T10:00:00+00:00,3128760,Barcelona,ES,2026-05-24T05:00,41.3888,2.159,Europe/Madrid,64.2,4.8,496.3,31.4,60.1,74
air_quality,2026-05-26T10:00:00+00:00,3128760,Barcelona,ES,2026-05-24T06:00,41.3888,2.159,Europe/Madrid,74.3,35.0,267.3,7.0,116.8,78
air_quality,2026-05-26T10:00:00+00:00,3128760,Barcelona,ES,2026-05-24T07:00,41.3888,2.159,Europe/Madrid,49.5,36.7,143.7,18.7,86.5,31
air_quality,2026-05-26T10:00:00+00:00,3128760,Barcelona,ES,2026-05-24T08:00,41.3888,2.159,Europe/Madrid,53.5,3.7,493.4,42.3,60.0,52
air_quality,2026-05-26T10:00:00+00:00,3128760,Barcelona,ES,2026-05-24T09:00,41.3888,2.159,Europe/Madrid,77.4,18.4,104.2,19.2,71.1,76
air_quality,2026-05-26T10:00:00+00:00,3128760,Barcelona,ES,2026-05-24T10:00,41.3888,2.159,Europe/Madrid,46.8,28.1,188.4,25.6,66.3,85
air_quality,2026-05-26T10:00:00+00:00,3128760,Barcelona,ES,2026-05-24T11:00,41.3888,2.159,Europe/Madrid,56.8,7.7,499.1,31.6,49.5,20
air_quality,2026-05-26T10:00:00+00:00,3128760,Barcelona,ES,2026-05-24T12:00,41.3888,2.159,Europe/Madrid,13.7,37.7,156.7,22.2,65.5,36
air_quality,2026-05-26T10:00:00+00:00,3128760,Barcelona,ES,2026-05-24T13:00,41.3888,2.159,Europe/Madrid,44.1,15.2,139.0,44.7,65.2,18
air_quality,2026-05-26T10:00:00+00:00,3128760,Barcelona,ES,2026-05-24T14:00,41.3888,2.159,Europe/Madrid,27.5,32.8,146.0,51.7,84.8,31
air_quality,2026-05-26T10:00:00+00:00,3128760,Barcelona,ES,2026-05-24T15:00,41.3888,2.159,Europe/Madrid,74.7,30.1,306.4,35.4,53.1,64
air_quality,2026-05-26T10:00:00+00:00,3128760,Barcelona,ES,2026-05-24T16:00,41.3888,2.159,Europe/Madrid,76.9,10.8,262.0,15.1,84.0,65
air_quality,2026-05-26T10:00:00+00:00,3128760,Barcelona,ES,2026-05-24T17:00,41.3888,2.159,Europe/Madrid,34.7,30.0,453.2,29.7,63.0,10
air_quality,2026-05-26T10:00:00+00:00,3128760,Barcelona,ES,2026-05-24T18:00,41.3888,2.159,Europe/Madrid,57.9,9.8,400.9,49.5,26.3,23
air_quality,2026-05-26T10:00:00+00:00,3128760,Barcelona,ES,2026-05-24T19:00,41.3888,2.159,Europe/Madrid,65.0,22.4,246.3,15.8,31.4,72
air_quality,2026-05-26T10:00:00+00:00,3128760,Barcelona,ES,2026-05-24T20:00,41.3888,2.159,Europe/Madrid,44.6,26.3,338.8,38.6,78.7,54
air_quality,2026-05-26T10:00:00+00:00,3128760,Barcelona,ES,2026-05-24T21:00,41.3888,2.159,Europe/Madrid,31.4,19.4,169.0,42.0,100.1,88
air_quality,2026-05-26T10:00:00+00:00,3128760,Barcelona,ES,2026-05-24T22:00,41.3888,2.159,Europe/Madrid,49.3,27.5,225.3,18.1,31.7,57
air_quality,2026-05-26T10:00:00+00:00,3128760,Barcelona,ES,2026-05-24T23:00,41.3888,2.159,Europe/Madrid,57.0,21.4,267.3,12.6,58.4,33
air_quality,2026-05-26T10:00:00+00:00,3128760,Barcelona,ES,2026-05-25T00:00,41.3888,2.159,Europe/Madrid,41.5,22.4,467.7,56.2,37.3,31
air_quality,2026-05-26T10:00:00+00:00,3128760,Barcelona,ES,2026-05-25T01:00,41.3888,2.159,Europe/Madrid,41.7,7.3,225.8,29.8,25.4,55
air_quality,2026-05-26T10:00:00+00:00,3128760,Barcelona,ES,2026-05-25T02:00,41.3888,2.159,Europe/Madrid,76.4,20.4,178.1,26.1,76.2,73
air_quality,2026-05-26T10:00:00+00:00,3128760,Barcelona,ES,2026-05-25T03:00,41.3888,2.159,Europe/Madrid,35.7,20.7,384.1,29.4,36.7,82
air_quality,2026-05-26T10:00:00+00:00,3128760,Barcelona,ES,2026-05-25T04:00,41.3888,2.159,Europe/Madrid,7.3,30.9,216.8,20.1,73.8,31
air_quality,2026-05-26T10:00:00+00:00,3128760,Barcelona,ES,2026-05-25T05:00,41.3888,2.159,Europe/Madrid,63.6,23.5,409.0,32.2,71.1,83
air_quality,2026-05-26T10:00:00+00:00,3128760,Barcelona,ES,2026-05-25T06:00,41.3888,2.159,Europe/Madrid,13.6,31.5,429.3,25.2,102.3,15
air_quality,2026-05-26T10:00:00+00:00,3128760,Barcelona,ES,2026-05-25T07:00,41.3888,2.159,Europe/Madrid,62.0,18.8,187.4,28.4,93.6,41
air_quality,2026-05-26T10:00:00+00:00,3128760,Barcelona,ES,2026-05-25T08:00,41.3888,2.159,Europe/Madrid,27.3,40.0,279.9,24.2,101.7,66
air_quality,2026-05-26T10:00:00+00:00,3128760,Barcelona,ES,2026-05-25T09:00,41.3888,2.159,Europe/Madrid,69.9,6.5,424.8,16.5,93.8,54
air_quality,2026-05-26T10:00:00+00:00,3128760,Barcelona,ES,2026-05-25T10:00,41.3888,2.159,Europe/Madrid,69.6,25.2,271.3,38.9,98.5,36
air_quality,2026-05-26T10:00:00+00:00,3128760,Barcelona,ES,2026-05-25T11:00,41.3888,2.159,Europe/Madrid,65.4,23.7,312.9,37.8,36.8,47
air_quality,2026-05-26T10:00:00+00:00,3128760,Barcelona,ES,2026-05-25T12:00,41.3888,2.159,Europe/Madrid,26.7,12.2,443.2,59.2,87.9,22
air_quality,2026-05-26T10:00:00+00:00,3128760,Barcelona,ES,2026-05-25T13:00,41.3888,2.159,Europe/Madrid,15.2,30.5,264.6,8.3,47.7,26
air_quality,2026-05-26T10:00:00+00:00,3128760,Barcelona,ES,2026-05-25T14:00,41.3888,2.159,Europe/Madrid,57.6,7.0,158.5,22.7,44.8,60
air_quality,2026-05-26T10:00:00+00:00,3128760,Barcelona,ES,2026-05-25T15:00,41.3888,2.159,Europe/Madrid,41.7,23.9,207.5,27.8,65.2,21
air_quality,2026-05-26T10:00:00+00:00,3128760,Barcelona,ES,2026-05-25T16:00,41.3888,2.159,Europe/Madrid,35.2,30.5,377.9,53.3,65.5,72
air_quality,2026-05-26T10:00:00+00:00,3128760,Barcelona,ES,2026-05-25T17:00,41.3888,2.159,Europe/Madrid,29.5,2.1,409.7,45.3,93.1,68
air_quality,2026-05-26T10:00:00+00:00,3128760,Barcelona,ES,2026-05-25T18:00,41.3888,2.159,Europe/Madrid,52.6,28.5,440.0,48.8,59.8,64
air_quality,2026-05-26T10:00:00+00:00,3128760,Barcelona,ES,2026-05-25T19:00,41.3888,2.159,Europe/Madrid,66.9,20.8,229.1,20.6,74.7,26
air_quality,2026-05-26T10:00:00+00:00,3128760,Barcelona,ES,2026-05-25T20:00,41.3888,2.159,Europe/Madrid,47.5,20.4,237.5,42.5,24.8,22
air_quality,2026-05-26T10:00:00+00:00,3128760,Barcelona,ES,2026-05-25T21:00,41.3888,2.159,Europe/Madrid,52.0,33.8,106.5,56.1,35.8,68
air_quality,2026-05-26T10:00:00+00:00,3128760,Barcelona,ES,2026-05-25T22:00,41.3888,2.159,Europe/Madrid,5.1,38.4,180.9,42.9,33.2,48
air_quality,2026-05-26T10:00:00+00:00,3128760,Barcelona,ES,2026-05-25T23:00,41.3888,2.159,Europe/Madrid,16.9,37.4,209.6,41.0,45.0,57
air_quality,2026-05-26T10:00:00+00:00,2509954,Valencia,ES,2026-05-21T00:00,39.47,-0.3763,Europe/Madrid,54.8,26.7,120.7,39.4,92.6,39
air_quality,2026-05-26T10:00:00+00:00,2509954,Valencia,ES,2026-05-21T01:00,39.47,-0.3763,Europe/Madrid,37.2,5.5,138.1,16.7,27.8,85
air_quality,2026-05-26T10:00:00+00:00,2509954,Valencia,ES,2026-05-21T02:00,39.47,-0.3763,Europe/Madrid,22.0,27.8,103.7,43.3,101.7,64
air_quality,2026-05-26T10:00:00+00:00,2509954,Valencia,ES,2026-05-21T03:00,39.47,-0.3763,Europe/Madrid,57.1,20.2,191.6,9.9,100.6,23
air_quality,2026-05-26T10:00:00+00:00,2509954,Valencia,ES,2026-05-21T04:00,39.47,-0.3763,Europe/Madrid,28.5,35.5,154.9,47.5,95.3,27
air_quality,2026-05-26T10:00:00+00:00,2509954,Valencia,ES,2026-05-21T05:00,39.47,-0.3763,Europe/Madrid,53.1,27.7,127.4,36.0,81.0,31
air_quality,2026-05-26T10:00:00+00:00,2509954,Valencia,ES,2026-05-21T06:00,39.47,-0.3763,Europe/Madrid,38.0,29.5,351.2,13.3,61.2,66
air_quality,2026-05-26T10:00:00+00:00,2509954,Valencia,ES,2026-05-21T07:00,39.47,-0.3763,Europe/Madrid,69.5,5.3,140.2,46.4,79.0,59
air_quality,2026-05-26T10:00:00+00:00,2509954,Valencia,ES,2026-05-21T08:00,39.47,-0.3763,Europe/Madrid,31.4,18.3,416.4,18.6,84.5,41
air_quality,2026-05-26T10:00:00+00:00,2509954,Valencia,ES,2026-05-21T09:00,39.47,-0.3763,Europe/Madrid,46.5,24.8,343.0,47.8,89.0,48
air_quality,2026-05-26T10:00:00+00:00,2509954,Valencia,ES,2026-05-21T10:00,39.47,-0.3763,Europe/Madrid,20.4,25.1,175.5,26.5,84.6,40
air_quality,2026-05-26T10:00:00+00:00,2509954,Valencia,ES,2026-05-21T11:00,39.47,-0.3763,Europe/Madrid,42.1,6.3,299.8,37.7,72.8,11
air_quality,2026-05-26T10:00:00+00:00,2509954,Valencia,ES,2026-05-21T12:00,39.47,-0.3763,Europe/Madrid,79.0,37.5,152.8,52.3,76.8,56
air_quality,2026-05-26T10:00:00+00:00,2509954,Valencia,ES,2026-05-21T13:00,39.47,-0.3763,Europe/Madrid,46.0,8.6,288.4,59.3,27.3,85
air_quality,2026-05-26T10:00:00+00:00,2509954,Valencia,ES,2026-05-21T14:00,39.47,-0.3763,Europe/Madrid,10.1,12.0,115.9,8.3,98.9,74
air_quality,2026-05-26T10:00:00+00:00,2509954,Valencia,ES,2026-05-21T15:00,39.47,-0.3763,Europe/Madrid,26.5,29.1,406.8,28.3,60.2,78
air_quality,2026-05-26T10:00:00+00:00,2509954,Valencia,ES,2026-05-21T16:00,39.47,-0.3763,Europe/Madrid,45.3,7.8,133.4,9.3,112.1,29
air_quality,2026-05-26T10:00:00+00:00,2509954,Valencia,ES,2026-05-21T17:00,39.47,-0.3763,Europe/Madrid,45.2,16.8,353.7,50.9,88.1,18
air_quality,2026-05-26T10:00:00+00:00,2509954,Valencia,ES,2026-05-21T18:00,39.47,-0.3763,Europe/Madrid,28.3,18.6,481.4,18.1,44.4,65
air_quality,2026-05-26T10:00:00+00:00,2509954,Valencia,ES,2026-05-21T19:00,39.47,-0.3763,Europe/Madrid,13.7,25.3,122.0,41.6,85.8,32
air_quality,2026-05-26T10:00:00+00:00,2509954,Valencia,ES,2026-05-21T20:00,39.47,-0.3763,Europe/Madrid,14.0,28.9,380.6,14.0,115.3,76
air_quality,2026-05-26T10:00:00+00:00,2509954,Valencia,ES,2026-05-21T21:00,39.47,-0.3763,Europe/Madrid,43.8,33.3,203.7,25.5,95.0,44
air_quality,2026-05-26T10:00:00+00:00,2509954,Valencia,ES,2026-05-21T22:00,39.47,-0.3763,Europe/Madrid,60.0,6.5,460.0,23.4,62.9,77
air_quality,2026-05-26T10:00:00+00:00,2509954,Valencia,ES,2026-05-21T23:00,39.47,-0.3763,Europe/Madrid,9.8,29.1,330.7,9.2,65.5,56
air_quality,2026-05-26T10:00:00+00:00,2509954,Valencia,ES,2026-05-22T00:00,39.47,-0.3763,Europe/Madrid,9.2,34.7,166.8,13.7,97.3,83
air_quality,2026-05-26T10:00:00+00:00,2509954,Valencia,ES,2026-05-22T01:00,39.47,-0.3763,Europe/Madrid,55.6,6.4,396.3,5.1,105.9,11
air_quality,2026-05-26T10:00:00+00:00,2509954,Valencia,ES,2026-05-22T02:00,39.47,-0.3763,Europe/Madrid,23.3,19.9,253.2,13.3,113.1,14
air_quality,2026-05-26T10:00:00+00:00,2509954,Valencia,ES,2026-05-22T03:00,39.47,-0.3763,Europe/Madrid,46.5,36.7,396.3,28.1,52.2,63
air_quality,2026-05-26T10:00:00+00:00,2509954,Valencia,ES,2026-05-22T04:00,39.47,-0.3763,Europe/Madrid,73.7,14.2,430.4,36.4,31.9,16
air_quality,2026-05-26T10:00:00+00:00,2509954,Valencia,ES,2026-05-22T05:00,39.47,-0.3763,Europe/Madrid,18.5,32.6,492.6,57.5,26.9,69
air_quality,2026-05-26T10:00:00+00:00,2509954,Valencia,ES,2026-05-22T06:00,39.47,-0.3763,Europe/Madrid,70.0,31.4,224.3,9.8,65.7,57
air_quality,2026-05-26T10:00:00+00:00,2509954,Valencia,ES,2026-05-22T07:00,39.47,-0.3763,Europe/Madrid,20.1,23.4,221.6,39.2,66.4,85
air_quality,2026-05-26T10:00:00+00:00,2509954,Valencia,ES,2026-05-22T08:00,39.47,-0.3763,Europe/Madrid,77.9,39.9,410.4,45.3,74.7,41
air_quality,2026-05-26T10:00:00+00:00,2509954,Valencia,ES,2026-05-22T09:00,39.47,-0.3763,Europe/Madrid,16.3,37.4,109.6,34.8,83.6,11
air_quality,2026-05-26T10:00:00+00:00,2509954,Valencia,ES,2026-05-22T10:00,39.47,-0.3763,Europe/Madrid,76.3,2.1,362.9,51.7,92.7,23
air_quality,2026-05-26T10:00:00+00:00,2509954,Valencia,ES,2026-05-22T11:00,39.47,-0.3763,Europe/Madrid,20.4,39.4,267.9,57.9,117.3,28
air_quality,2026-05-26T10:00:00+00:00,2509954,Valencia,ES,2026-05-22T12:00,39.47,-0.3763,Europe/Madrid,58.4,5.5,468.5,54.4,72.0,57
air_quality,2026-05-26T10:00:00+00:00,2509954,Valencia,ES,2026-05-22T13:00,39.47,-0.3763,Europe/Madrid,39.4,30.4,332.3,32.8,83.7,60
air_quality,2026-05-26T10:00:00+00:00,2509954,Valencia,ES,2026-05-22T14:00,39.47,-0.3763,Europe/Madrid,10.6,23.6,274.0,58.0,43.7,43
air_quality,2026-05-26T10:00:00+00:00,2509954,Valencia,ES,2026-05-22T15:00,39.47,-0.3763,Europe/Madrid,68.8,37.2,257.2,50.8,52.6,67
air_quality,2026-05-26T10:00:00+00:00,2509954,Valencia,ES,2026-05-22T16:00,39.47,-0.3763,Europe/Madrid,25.4,4.8,181.1,47.9,78.5,29
air_quality,2026-05-26T10:00:00+00:00,2509954,Valencia,ES,2026-05-22T17:00,39.47,-0.3763,Europe/Madrid,12.9,19.1,225.6,11.6,55.8,36
air_quality,2026-05-26T10:00:00+00:00,2509954,Valencia,ES,2026-05-22T18:00,39.47,-0.3763,Europe/Madrid,38.9,19.6,441.0,10.0,100.8,48
air_quality,2026-05-26T10:00:00+00:00,2509954,Valencia,ES,2026-05-22T19:00,39.47,-0.3763,Europe/Madrid,67.0,28.5,116.1,51.0,52.8,21
air_quality,2026-05-26T10:00:00+00:00,2509954,Valencia,ES,2026-05-22T20:00,39.47,-0.3763,Europe/Madrid,58.3,38.8,258.5,7.7,49.9,32
air_quality,2026-05-26T10:00:00+00:00,2509954,Valencia,ES,2026-05-22T21:00,39.47,-0.3763,Europe/Madrid,7.3,17.4,280.9,46.1,45.0,69
air_quality,2026-05-26T10:00:00+00:00,2509954,Valencia,ES,2026-05-22T22:00,39.47,-0.3763,Europe/Madrid,12.6,32.2,148.6,8.4,98.1,38
air_quality,2026-05-26T10:00:00+00:00,2509954,Valencia,ES,2026-05-22T23:00,39.47,-0.3763,Europe/Madrid,14.8,33.3,248.9,39.7,84.5,84
air_quality,2026-05-26T10:00:00+00:00,2509954,Valencia,ES,2026-05-23T00:00,39.47,-0.3763,Europe/Madrid,49.0,36.9,130.0,59.8,39.8,66
air_quality,2026-05-26T10:00:00+00:00,2509954,Valencia,ES,2026-05-23T01:00,39.47,-0.3763,Europe/Madrid,65.7,5.5,438.9,49.5,32.3,69
air_quality,2026-05-26T10:00:00+00:00,2509954,Valencia,ES,2026-05-23T02:00,39.47,-0.3763,Europe/Madrid,8.8,37.1,273.3,44.8,69.6,58
air_quality,2026-05-26T10:00:00+00:00,2509954,Valencia,ES,2026-05-23T03:00,39.47,-0.3763,Europe/Madrid,56.2,8.6,185.9,15.3,48.0,29
air_quality,2026-05-26T10:00:00+00:00,2509954,Valencia,ES,2026-05-23T04:00,39.47,-0.3763,Europe/Madrid,7.6,25.5,198.3,21.2,61.2,80
air_quality,2026-05-26T10:00:00+00:00,2509954,Valencia,ES,2026-05-23T05:00,39.47,-0.3763,Europe/Madrid,40.9,5.3,253.2,28.1,84.3,77
air_quality,2026-05-26T10:00:00+00:00,2509954,Valencia,ES,2026-05-23T06:00,39.47,-0.3763,Europe/Madrid,23.7,39.8,317.5,6.1,58.2,55
air_quality,2026-05-26T10:00:00+00:00,2509954,Valencia,ES,2026-05-23T07:00,39.47,-0.3763,Europe/Madrid,41.0,31.7,237.6,36.1,52.2,44
air_quality,2026-05-26T10:00:00+00:00,2509954,Valencia,ES,2026-05-23T08:00,39.47,-0.3763,Europe/Madrid,18.5,14.1,187.6,54.3,97.9,17
air_quality,2026-05-26T10:00:00+00:00,2509954,Valencia,ES,2026-05-23T09:00,39.47,-0.3763,Europe/Madrid,65.6,19.9,243.0,37.1,43.3,30
air_quality,2026-05-26T10:00:00+00:00,2509954,Valencia,ES,2026-05-23T10:00,39.47,-0.3763,Europe/Madrid,12.5,27.0,206.6,49.9,111.7,17
air_quality,2026-05-26T10:00:00+00:00,2509954,Valencia,ES,2026-05-23T11:00,39.47,-0.3763,Europe/Madrid,62.3,38.0,330.3,59.0,58.8,32
air_quality,2026-05-26T10:00:00+00:00,2509954,Valencia,ES,2026-05-23T12:00,39.47,-0.3763,Europe/Madrid,18.2,24.5,422.5,43.4,111.4,13
air_quality,2026-05-26T10:00:00+00:00,2509954,Valencia,ES,2026-05-23T13:00,39.47,-0.3763,Europe/Madrid,57.8,15.4,327.1,12.8,114.8,73
air_quality,2026-05-26T10:00:00+00:00,2509954,Valencia,ES,2026-05-23T14:00,39.47,-0.3763,Europe/Madrid,45.7,8.7,115.2,8.1,80.2,12
air_quality,2026-05-26T10:00:00+00:00,2509954,Valencia,ES,2026-05-23T15:00,39.47,-0.3763,Europe/Madrid,44.5,2.0,467.2,16.1,33.0,32
air_quality,2026-05-26T10:00:00+00:00,2509954,Valencia,ES,2026-05-23T16:00,39.47,-0.3763,Europe/Madrid,73.9,34.1,229.4,6.2,78.7,28
air_quality,2026-05-26T10:00:00+00:00,2509954,Valencia,ES,2026-05-23T17:00,39.47,-0.3763,Europe/Madrid,63.1,34.2,444.3,57.8,57.4,60
air_quality,2026-05-26T10:00:00+00:00,2509954,Valencia,ES,2026-05-23T18:00,39.47,-0.3763,Europe/Madrid,49.0,14.8,229.0,58.7,93.2,65
air_quality,2026-05-26T10:00:00+00:00,2509954,Valencia,ES,2026-05-23T19:00,39.47,-0.3763,Europe/Madrid,64.4,38.5,359.7,14.6,116.9,88
air_quality,2026-05-26T10:00:00+00:00,2509954,Valencia,ES,2026-05-23T20:00,39.47,-0.3763,Europe/Madrid,64.0,10.5,335.6,14.6,50.7,47
air_quality,2026-05-26T10:00:00+00:00,2509954,Valencia,ES,2026-05-23T21:00,39.47,-0.3763,Europe/Madrid,14.6,29.7,479.5,57.2,59.2,82
air_quality,2026-05-26T10:00:00+00:00,2509954,Valencia,ES,2026-05-23T22:00,39.47,-0.3763,Europe/Madrid,7.4,24.9,468.4,58.2,42.1,82
air_quality,2026-05-26T10:00:00+00:00,2509954,Valencia,ES,2026-05-23T23:00,39.47,-0.3763,Europe/Madrid,12.8,20.9,232.5,9.3,54.7,50
air_quality,2026-05-26T10:00:00+00:00,2509954,Valencia,ES,2026-05-24T00:00,39.47,-0.3763,Europe/Madrid,17.6,35.6,135.5,44.0,83.9,52
air_quality,2026-05-26T10:00:00+00:00,2509954,Valencia,ES,2026-05-24T01:00,39.47,-0.3763,Europe/Madrid,38.5,12.1,199.8,8.7,45.7,23
air_quality,2026-05-26T10:00:00+00:00,2509954,Valencia,ES,2026-05-24T02:00,39.47,-0.3763,Europe/Madrid,59.0,3.8,275.3,28.1,36.6,62
air_quality,2026-05-26T10:00:00+00:00,2509954,Valencia,ES,2026-05-24T03:00,39.47,-0.3763,Europe/Madrid,42.0,16.4,318.4,10.6,67.9,83
air_quality,2026-05-26T10:00:00+00:00,2509954,Valencia,ES,2026-05-24T04:00,39.47,-0.3763,Europe/Madrid,53.8,28.1,165.1,9.1,104.6,47
air_quality,2026-05-26T10:00:00+00:00,2509954,Valencia,ES,2026-05-24T05:00,39.47,-0.3763,Europe/Madrid,6.5,11.9,141.9,23.8,108.8,30
air_quality,2026-05-26T10:00:00+00:00,2509954,Valencia,ES,2026-05-24T06:00,39.47,-0.3763,Europe/Madrid,59.9,22.8,459.2,10.1,79.4,88
air_quality,2026-05-26T10:00:00+00:00,2509954,Valencia,ES,2026-05-24T07:00,39.47,-0.3763,Europe/Madrid,72.0,28.8,272.5,40.9,80.7,65
air_quality,2026-05-26T10:00:00+00:00,2509954,Valencia,ES,2026-05-24T08:00,39.47,-0.3763,Europe/Madrid,16.8,5.8,182.2,15.4,89.7,79
air_quality,2026-05-26T10:00:00+00:00,2509954,Valencia,ES,2026-05-24T09:00,39.47,-0.3763,Europe/Madrid,24.9,12.7,195.0,7.7,77.2,72
air_quality,2026-05-26T10:00:00+00:00,2509954,Valencia,ES,2026-05-24T10:00,39.47,-0.3763,Europe/Madrid,16.5,15.7,271.0,21.2,86.2,86
air_quality,2026-05-26T10:00:00+00:00,2509954,Valencia,ES,2026-05-24T11:00,39.47,-0.3763,Europe/Madrid,41.0,5.7,182.8,40.1,117.7,70
air_quality,2026-05-26T10:00:00+00:00,2509954,Valencia,ES,2026-05-24T12:00,39.47,-0.3763,Europe/Madrid,68.3,13.7,259.0,31.9,86.1,21
air_quality,2026-05-26T10:00:00+00:00,2509954,Valencia,ES,2026-05-24T13:00,39.47,-0.3763,Europe/Madrid,53.1,16.7,248.4,26.0,38.7,15
air_quality,2026-05-26T10:00:00+00:00,2509954,Valencia,ES,2026-05-24T14:00,39.47,-0.3763,Europe/Madrid,24.7,19.7,190.5,19.8,26.2,22
air_quality,2026-05-26T10:00:00+00:00,2509954,Valencia,ES,2026-05-24T15:00,39.47,-0.3763,Europe/Madrid,11.4,15.1,316.6,58.4,79.0,80
air_quality,2026-05-26T10:00:00+00:00,2509954,Valencia,ES,2026-05-24T16:00,39.47,-0.3763,Europe/Madrid,9.6,16.7,309.0,58.1,88.7,70
air_quality,2026-05-26T10:00:00+00:00,2509954,Valencia,ES,2026-05-24T17:00,39.47,-0.3763,Europe/Madrid,48.0,11.0,219.5,26.7,105.4,14
air_quality,2026-05-26T10:00:00+00:00,2509954,Valencia,ES,2026-05-24T18:00,39.47,-0.3763,Europe/Madrid,42.7,36.2,420.2,42.3,82.0,25
air_quality,2026-05-26T10:00:00+00:00,2509954,Valencia,ES,2026-05-24T19:00,39.47,-0.3763,Europe/Madrid,76.2,19.1,479.6,14.2,41.2,34
air_quality,2026-05-26T10:00:00+00:00,2509954,Valencia,ES,2026-05-24T20:00,39.47,-0.3763,Europe/Madrid,14.5,18.1,495.3,28.9,119.7,90
air_quality,2026-05-26T10:00:00+00:00,2509954,Valencia,ES,2026-05-24T21:00,39.47,-0.3763,Europe/Madrid,16.1,24.6,227.9,45.0,100.7,21
air_quality,2026-05-26T10:00:00+00:00,2509954,Valencia,ES,2026-05-24T22:00,39.47,-0.3763,Europe/Madrid,34.1,17.1,230.5,20.2,65.8,11
air_quality,2026-05-26T10:00:00+00:00,2509954,Valencia,ES,2026-05-24T23:00,39.47,-0.3763,Europe/Madrid,64.0,25.7,309.0,28.1,61.4,28
air_quality,2026-05-26T10:00:00+00:00,2509954,Valencia,ES,2026-05-25T00:00,39.47,-0.3763,Europe/Madrid,47.5,24.1,485.9,10.5,30.6,22
air_quality,2026-05-26T10:00:00+00:00,2509954,Valencia,ES,2026-05-25T01:00,39.47,-0.3763,Europe/Madrid,63.9,35.0,452.1,53.3,46.4,72
air_quality,2026-05-26T10:00:00+00:00,2509954,Valencia,ES,2026-05-25T02:00,39.47,-0.3763,Europe/Madrid,47.9,20.0,168.9,27.2,81.8,61
air_quality,2026-05-26T10:00:00+00:00,2509954,Valencia,ES,2026-05-25T03:00,39.47,-0.3763,Europe/Madrid,7.9,35.8,232.6,18.1,94.6,44
air_quality,2026-05-26T10:00:00+00:00,2509954,Valencia,ES,2026-05-25T04:00,39.47,-0.3763,Europe/Madrid,72.3,2.8,427.0,21.7,48.0,72
air_quality,2026-05-26T10:00:00+00:00,2509954,Valencia,ES,2026-05-25T05:00,39.47,-0.3763,Europe/Madrid,69.4,28.0,489.0,17.5,50.0,66
air_quality,2026-05-26T10:00:00+00:00,2509954,Valencia,ES,2026-05-25T06:00,39.47,-0.3763,Europe/Madrid,63.1,14.2,391.5,38.3,28.9,66
air_quality,2026-05-26T10:00:00+00:00,2509954,Valencia,ES,2026-05-25T07:00,39.47,-0.3763,Europe/Madrid,20.9,33.3,396.4,46.8,106.7,17
air_quality,2026-05-26T10:00:00+00:00,2509954,Valencia,ES,2026-05-25T08:00,39.47,-0.3763,Europe/Madrid,43.6,8.0,224.4,32.9,33.6,77
air_quality,2026-05-26T10:00:00+00:00,2509954,Valencia,ES,2026-05-25T09:00,39.47,-0.3763,Europe/Madrid,70.9,3.1,177.1,50.8,103.7,41
air_quality,2026-05-26T10:00:00+00:00,2509954,Valencia,ES,2026-05-25T10:00,39.47,-0.3763,Europe/Madrid,7.5,3.9,244.2,16.0,56.8,69
air_quality,2026-05-26T10:00:00+00:00,2509954,Valencia,ES,2026-05-25T11:00,39.47,-0.3763,Europe/Madrid,42.9,26.1,149.5,6.7,57.2,86
air_quality,2026-05-26T10:00:00+00:00,2509954,Valencia,ES,2026-05-25T12:00,39.47,-0.3763,Europe/Madrid,38.5,38.5,289.8,35.3,54.4,43
air_quality,2026-05-26T10:00:00+00:00,2509954,Valencia,ES,2026-05-25T13:00,39.47,-0.3763,Europe/Madrid,61.2,28.2,214.0,26.3,36.3,83
air_quality,2026-05-26T10:00:00+00:00,2509954,Valencia,ES,2026-05-25T14:00,39.47,-0.3763,Europe/Madrid,63.5,10.1,188.5,17.4,40.7,62
air_quality,2026-05-26T10:00:00+00:00,2509954,Valencia,ES,2026-05-25T15:00,39.47,-0.3763,Europe/Madrid,43.5,34.9,486.9,42.5,67.4,26
air_quality,2026-05-26T10:00:00+00:00,2509954,Valencia,ES,2026-05-25T16:00,39.47,-0.3763,Europe/Madrid,53.6,24.8,103.4,18.9,100.5,49
air_quality,2026-05-26T10:00:00+00:00,2509954,Valencia,ES,2026-05-25T17:00,39.47,-0.3763,Europe/Madrid,58.5,29.0,210.2,54.3,105.2,68
air_quality,2026-05-26T10:00:00+00:00,2509954,Valencia,ES,2026-05-25T18:00,39.47,-0.3763,Europe/Madrid,23.9,19.7,370.9,50.3,59.7,23
air_quality,2026-05-26T10:00:00+00:00,2509954,Valencia,ES,2026-05-25T19:00,39.47,-0.3763,Europe/Madrid,5.6,40.0,486.6,51.2,76.1,86
air_quality,2026-05-26T10:00:00+00:00,2509954,Valencia,ES,2026-05-25T20:00,39.47,-0.3763,Europe/Madrid,50.7,13.3,143.2,8.5,118.8,51
air_quality,2026-05-26T10:00:00+00:00,2509954,Valencia,ES,2026-05-25T21:00,39.47,-0.3763,Europe/Madrid,69.6,11.9,384.4,54.1,49.9,29
air_quality,2026-05-26T10:00:00+00:00,2509954,Valencia,ES,2026-05-25T22:00,39.47,-0.3763,Europe/Madrid,43.8,11.1,122.7,52.2,101.0,61
air_quality,2026-05-26T10:00:00+00:00,2509954,Valencia,ES,2026-05-25T23:00,39.47,-0.3763,Europe/Madrid,54.5,27.9,388.5,41.0,119.7,43
air_quality,2026-05-26T10:00:00+00:00,2510911,Sevilla,ES,2026-05-21T00:00,37.3828,-5.9732,Europe/Madrid,73.0,17.4,394.7,37.1,119.5,34
air_quality,2026-05-26T10:00:00+00:00,2510911,Sevilla,ES,2026-05-21T01:00,37.3828,-5.9732,Europe/Madrid,30.7,29.1,374.5,40.1,67.6,55
air_quality,2026-05-26T10:00:00+00:00,2510911,Sevilla,ES,2026-05-21T02:00,37.3828,-5.9732,Europe/Madrid,43.0,34.1,436.3,53.2,38.1,22
air_quality,2026-05-26T10:00:00+00:00,2510911,Sevilla,ES,2026-05-21T03:00,37.3828,-5.9732,Europe/Madrid,40.3,30.2,390.1,35.7,111.3,52
air_quality,2026-05-26T10:00:00+00:00,2510911,Sevilla,ES,2026-05-21T04:00,37.3828,-5.9732,Europe/Madrid,54.1,10.4,189.3,52.9,62.0,52
air_quality,2026-05-26T10:00:00+00:00,2510911,Sevilla,ES,2026-05-21T05:00,37.3828,-5.9732,Europe/Madrid,32.9,24.3,285.5,11.5,25.4,84
air_quality,2026-05-26T10:00:00+00:00,2510911,Sevilla,ES,2026-05-21T06:00,37.3828,-5.9732,Europe/Madrid,48.5,25.6,288.9,15.7,32.0,58
air_quality,2026-05-26T10:00:00+00:00,2510911,Sevilla,ES,2026-05-21T07:00,37.3828,-5.9732,Europe/Madrid,44.7,17.7,448.3,13.3,119.2,53
air_quality,2026-05-26T10:00:00+00:00,2510911,Sevilla,ES,2026-05-21T08:00,37.3828,-5.9732,Europe/Madrid,35.7,23.6,462.6,30.2,51.6,33
air_quality,2026-05-26T10:00:00+00:00,2510911,Sevilla,ES,2026-05-21T09:00,37.3828,-5.9732,Europe/Madrid,63.4,20.5,352.4,14.7,83.4,10
air_quality,2026-05-26T10:00:00+00:00,2510911,Sevilla,ES,2026-05-21T10:00,37.3828,-5.9732,Europe/Madrid,38.9,10.0,409.4,36.7,35.8,21
air_quality,2026-05-26T10:00:00+00:00,2510911,Sevilla,ES,2026-05-21T11:00,37.3828,-5.9732,Europe/Madrid,14.7,18.5,271.8,28.6,67.7,10
air_quality,2026-05-26T10:00:00+00:00,2510911,Sevilla,ES,2026-05-21T12:00,37.3828,-5.9732,Europe/Madrid,7.8,9.6,249.2,5.8,52.2,77
air_quality,2026-05-26T10:00:00+00:00,2510911,Sevilla,ES,2026-05-21T13:00,37.3828,-5.9732,Europe/Madrid,19.3,27.7,350.7,18.7,89.4,54
air_quality,2026-05-26T10:00:00+00:00,2510911,Sevilla,ES,2026-05-21T14:00,37.3828,-5.9732,Europe/Madrid,28.4,5.9,301.3,21.8,26.5,15
air_quality,2026-05-26T10:00:00+00:00,2510911,Sevilla,ES,2026-05-21T15:00,37.3828,-5.9732,Europe/Madrid,27.4,13.1,391.1,37.8,53.8,27
air_quality,2026-05-26T10:00:00+00:00,2510911,Sevilla,ES,2026-05-21T16:00,37.3828,-5.9732,Europe/Madrid,30.7,36.3,243.7,15.4,114.8,61
air_quality,2026-05-26T10:00:00+00:00,2510911,Sevilla,ES,2026-05-21T17:00,37.3828,-5.9732,Europe/Madrid,6.4,10.5,494.0,16.6,22.2,74
air_quality,2026-05-26T10:00:00+00:00,2510911,Sevilla,ES,2026-05-21T18:00,37.3828,-5.9732,Europe/Madrid,17.7,15.9,360.2,7.1,107.7,42
air_quality,2026-05-26T10:00:00+00:00,2510911,Sevilla,ES,2026-05-21T19:00,37.3828,-5.9732,Europe/Madrid,62.8,25.7,337.6,7.6,30.8,12
air_quality,2026-05-26T10:00:00+00:00,2510911,Sevilla,ES,2026-05-21T20:00,37.3828,-5.9732,Europe/Madrid,8.6,6.4,277.7,11.8,45.3,29
air_quality,2026-05-26T10:00:00+00:00,2510911,Sevilla,ES,2026-05-21T21:00,37.3828,-5.9732,Europe/Madrid,20.4,28.1,103.7,28.1,30.1,76
air_quality,2026-05-26T10:00:00+00:00,2510911,Sevilla,ES,2026-05-21T22:00,37.3828,-5.9732,Europe/Madrid,25.2,25.0,154.9,50.7,30.5,89
air_quality,2026-05-26T10:00:00+00:00,2510911,Sevilla,ES,2026-05-21T23:00,37.3828,-5.9732,Europe/Madrid,13.8,6.3,142.5,15.9,40.0,43
air_quality,2026-05-26T10:00:00+00:00,2510911,Sevilla,ES,2026-05-22T00:00,37.3828,-5.9732,Europe/Madrid,67.4,39.0,243.2,27.5,36.0,80
air_quality,2026-05-26T10:00:00+00:00,2510911,Sevilla,ES,2026-05-22T01:00,37.3828,-5.9732,Europe/Madrid,42.2,9.9,473.2,23.2,20.3,21
air_quality,2026-05-26T10:00:00+00:00,2510911,Sevilla,ES,2026-05-22T02:00,37.3828,-5.9732,Europe/Madrid,73.0,33.7,367.6,13.2,29.0,75
air_quality,2026-05-26T10:00:00+00:00,2510911,Sevilla,ES,2026-05-22T03:00,37.3828,-5.9732,Europe/Madrid,10.6,29.5,461.9,40.4,65.7,47
air_quality,2026-05-26T10:00:00+00:00,2510911,Sevilla,ES,2026-05-22T04:00,37.3828,-5.9732,Europe/Madrid,24.8,3.9,425.3,53.1,105.2,56
air_quality,2026-05-26T10:00:00+00:00,2510911,Sevilla,ES,2026-05-22T05:00,37.3828,-5.9732,Europe/Madrid,65.1,13.9,395.4,10.2,95.8,15
air_quality,2026-05-26T10:00:00+00:00,2510911,Sevilla,ES,2026-05-22T06:00,37.3828,-5.9732,Europe/Madrid,5.7,7.3,358.9,23.1,109.5,89
air_quality,2026-05-26T10:00:00+00:00,2510911,Sevilla,ES,2026-05-22T07:00,37.3828,-5.9732,Europe/Madrid,25.1,29.9,249.0,23.8,31.4,61
air_quality,2026-05-26T10:00:00+00:00,2510911,Sevilla,ES,2026-05-22T08:00,37.3828,-5.9732,Europe/Madrid,77.2,12.3,254.3,51.8,100.0,31
air_quality,2026-05-26T10:00:00+00:00,2510911,Sevilla,ES,2026-05-22T09:00,37.3828,-5.9732,Europe/Madrid,13.5,28.5,123.5,56.8,35.9,63
air_quality,2026-05-26T10:00:00+00:00,2510911,Sevilla,ES,2026-05-22T10:00,37.3828,-5.9732,Europe/Madrid,73.3,20.3,327.6,29.1,81.1,55
air_quality,2026-05-26T10:00:00+00:00,2510911,Sevilla,ES,2026-05-22T11:00,37.3828,-5.9732,Europe/Madrid,50.9,34.8,452.0,45.0,109.2,71
air_quality,2026-05-26T10:00:00+00:00,2510911,Sevilla,ES,2026-05-22T12:00,37.3828,-5.9732,Europe/Madrid,74.0,6.3,264.5,7.5,46.2,50
air_quality,2026-05-26T10:00:00+00:00,2510911,Sevilla,ES,2026-05-22T13:00,37.3828,-5.9732,Europe/Madrid,5.9,35.0,309.9,45.9,92.4,38
air_quality,2026-05-26T10:00:00+00:00,2510911,Sevilla,ES,2026-05-22T14:00,37.3828,-5.9732,Europe/Madrid,78.3,27.5,235.3,33.8,90.1,22
air_quality,2026-05-26T10:00:00+00:00,2510911,Sevilla,ES,2026-05-22T15:00,37.3828,-5.9732,Europe/Madrid,37.5,29.6,292.8,41.5,84.1,29
air_quality,2026-05-26T10:00:00+00:00,2510911,Sevilla,ES,2026-05-22T16:00,37.3828,-5.9732,Europe/Madrid,67.9,23.2,495.1,8.0,84.3,30
air_quality,2026-05-26T10:00:00+00:00,2510911,Sevilla,ES,2026-05-22T17:00,37.3828,-5.9732,Europe/Madrid,42.9,19.8,298.3,14.1,95.1,51
air_quality,2026-05-26T10:00:00+00:00,2510911,Sevilla,ES,2026-05-22T18:00,37.3828,-5.9732,Europe/Madrid,23.1,38.9,120.1,17.2,84.3,61
air_quality,2026-05-26T10:00:00+00:00,2510911,Sevilla,ES,2026-05-22T19:00,37.3828,-5.9732,Europe/Madrid,66.3,5.0,277.7,36.5,28.8,73
air_quality,2026-05-26T10:00:00+00:00,2510911,Sevilla,ES,2026-05-22T20:00,37.3828,-5.9732,Europe/Madrid,38.5,6.5,298.9,40.9,30.3,62
air_quality,2026-05-26T10:00:00+00:00,2510911,Sevilla,ES,2026-05-22T21:00,37.3828,-5.9732,Europe/Madrid,7.7,22.9,430.4,48.5,116.3,48
air_quality,2026-05-26T10:00:00+00:00,2510911,Sevilla,ES,2026-05-22T22:00,37.3828,-5.9732,Europe/Madrid,71.8,23.4,361.8,30.1,54.1,16
air_quality,2026-05-26T10:00:00+00:00,2510911,Sevilla,ES,2026-05-22T23:00,37.3828,-5.9732,Europe/Madrid,66.2,34.1,232.8,47.2,80.0,56
air_quality,2026-05-26T10:00:00+00:00,2510911,Sevilla,ES,2026-05-23T00:00,37.3828,-5.9732,Europe/Madrid,58.7,6.3,403.7,17.2,54.1,47
air_quality,2026-05-26T10:00:00+00:00,2510911,Sevilla,ES,2026-05-23T01:00,37.3828,-5.9732,Europe/Madrid,46.1,16.2,142.5,54.3,69.2,62
air_quality,2026-05-26T10:00:00+00:00,2510911,Sevilla,ES,2026-05-23T02:00,37.3828,-5.9732,Europe/Madrid,13.0,25.2,175.0,56.2,59.3,68
air_quality,2026-05-26T10:00:00+00:00,2510911,Sevilla,ES,2026-05-23T03:00,37.3828,-5.9732,Europe/Madrid,66.8,9.2,235.2,46.6,24.7,85
air_quality,2026-05-26T10:00:00+00:00,2510911,Sevilla,ES,2026-05-23T04:00,37.3828,-5.9732,Europe/Madrid,14.2,35.9,283.0,37.4,70.4,73
air_quality,2026-05-26T10:00:00+00:00,2510911,Sevilla,ES,2026-05-23T05:00,37.3828,-5.9732,Europe/Madrid,5.3,30.0,321.3,28.8,78.5,75
air_quality,2026-05-26T10:00:00+00:00,2510911,Sevilla,ES,2026-05-23T06:00,37.3828,-5.9732,Europe/Madrid,63.6,36.6,376.7,14.6,101.5,23
air_quality,2026-05-26T10:00:00+00:00,2510911,Sevilla,ES,2026-05-23T07:00,37.3828,-5.9732,Europe/Madrid,34.1,24.8,453.1,32.7,58.5,87
air_quality,2026-05-26T10:00:00+00:00,2510911,Sevilla,ES,2026-05-23T08:00,37.3828,-5.9732,Europe/Madrid,73.7,31.0,209.4,58.0,117.0,67
air_quality,2026-05-26T10:00:00+00:00,2510911,Sevilla,ES,2026-05-23T09:00,37.3828,-5.9732,Europe/Madrid,65.4,7.3,341.0,53.8,71.2,80
air_quality,2026-05-26T10:00:00+00:00,2510911,Sevilla,ES,2026-05-23T10:00,37.3828,-5.9732,Europe/Madrid,69.6,29.1,474.2,39.8,40.1,89
air_quality,2026-05-26T10:00:00+00:00,2510911,Sevilla,ES,2026-05-23T11:00,37.3828,-5.9732,Europe/Madrid,58.6,28.1,468.5,12.3,91.0,32
air_quality,2026-05-26T10:00:00+00:00,2510911,Sevilla,ES,2026-05-23T12:00,37.3828,-5.9732,Europe/Madrid,42.8,28.4,229.0,11.3,55.2,71
air_quality,2026-05-26T10:00:00+00:00,2510911,Sevilla,ES,2026-05-23T13:00,37.3828,-5.9732,Europe/Madrid,48.7,37.8,384.0,42.1,109.4,78
air_quality,2026-05-26T10:00:00+00:00,2510911,Sevilla,ES,2026-05-23T14:00,37.3828,-5.9732,Europe/Madrid,26.4,34.2,423.3,33.8,22.5,28
air_quality,2026-05-26T10:00:00+00:00,2510911,Sevilla,ES,2026-05-23T15:00,37.3828,-5.9732,Europe/Madrid,9.0,4.2,206.8,48.2,118.4,42
air_quality,2026-05-26T10:00:00+00:00,2510911,Sevilla,ES,2026-05-23T16:00,37.3828,-5.9732,Europe/Madrid,16.0,4.4,413.7,16.2,74.1,55
air_quality,2026-05-26T10:00:00+00:00,2510911,Sevilla,ES,2026-05-23T17:00,37.3828,-5.9732,Europe/Madrid,66.1,5.9,447.2,45.7,106.5,81
air_quality,2026-05-26T10:00:00+00:00,2510911,Sevilla,ES,2026-05-23T18:00,37.3828,-5.9732,Europe/Madrid,34.2,21.4,418.7,43.3,89.3,16
air_quality,2026-05-26T10:00:00+00:00,2510911,Sevilla,ES,2026-05-23T19:00,37.3828,-5.9732,Europe/Madrid,74.5,16.7,482.7,58.7,51.3,80
air_quality,2026-05-26T10:00:00+00:00,2510911,Sevilla,ES,2026-05-23T20:00,37.3828,-5.9732,Europe/Madrid,9.0,30.3,181.2,52.8,106.0,66
air_quality,2026-05-26T10:00:00+00:00,2510911,Sevilla,ES,2026-05-23T21:00,37.3828,-5.9732,Europe/Madrid,67.2,36.6,381.9,40.6,95.5,79
air_quality,2026-05-26T10:00:00+00:00,2510911,Sevilla,ES,2026-05-23T22:00,37.3828,-5.9732,Europe/Madrid,60.4,9.5,390.0,15.6,64.9,19
air_quality,2026-05-26T10:00:00+00:00,2510911,Sevilla,ES,2026-05-23T23:00,37.3828,-5.9732,Europe/Madrid,19.0,8.6,305.5,25.7,62.9,81
air_quality,2026-05-26T10:00:00+00:00,2510911,Sevilla,ES,2026-05-24T00:00,37.3828,-5.9732,Europe/Madrid,24.8,8.1,438.4,5.3,66.6,29
air_quality,2026-05-26T10:00:00+00:00,2510911,Sevilla,ES,2026-05-24T01:00,37.3828,-5.9732,Europe/Madrid,8.0,37.3,338.8,47.6,82.5,48
air_quality,2026-05-26T10:00:00+00:00,2510911,Sevilla,ES,2026-05-24T02:00,37.3828,-5.9732,Europe/Madrid,41.8,23.8,243.2,48.1,51.8,38
air_quality,2026-05-26T10:00:00+00:00,2510911,Sevilla,ES,2026-05-24T03:00,37.3828,-5.9732,Europe/Madrid,76.8,21.8,414.5,13.8,74.3,61
air_quality,2026-05-26T10:00:00+00:00,2510911,Sevilla,ES,2026-05-24T04:00,37.3828,-5.9732,Europe/Madrid,11.9,10.4,185.3,23.3,56.1,37
air_quality,2026-05-26T10:00:00+00:00,2510911,Sevilla,ES,2026-05-24T05:00,37.3828,-5.9732,Europe/Madrid,76.3,25.5,289.9,35.9,95.2,11
air_quality,2026-05-26T10:00:00+00:00,2510911,Sevilla,ES,2026-05-24T06:00,37.3828,-5.9732,Europe/Madrid,13.6,15.1,196.1,40.3,111.9,41
air_quality,2026-05-26T10:00:00+00:00,2510911,Sevilla,ES,2026-05-24T07:00,37.3828,-5.9732,Europe/Madrid,76.9,27.9,228.4,55.4,114.5,59
air_quality,2026-05-26T10:00:00+00:00,2510911,Sevilla,ES,2026-05-24T08:00,37.3828,-5.9732,Europe/Madrid,24.2,29.5,109.9,33.4,97.0,75
air_quality,2026-05-26T10:00:00+00:00,2510911,Sevilla,ES,2026-05-24T09:00,37.3828,-5.9732,Europe/Madrid,65.2,18.9,117.5,54.4,39.3,75
air_quality,2026-05-26T10:00:00+00:00,2510911,Sevilla,ES,2026-05-24T10:00,37.3828,-5.9732,Europe/Madrid,11.2,5.6,488.7,47.5,73.3,90
air_quality,2026-05-26T10:00:00+00:00,2510911,Sevilla,ES,2026-05-24T11:00,37.3828,-5.9732,Europe/Madrid,9.9,27.5,409.4,52.6,62.4,23
air_quality,2026-05-26T10:00:00+00:00,2510911,Sevilla,ES,2026-05-24T12:00,37.3828,-5.9732,Europe/Madrid,20.4,33.5,451.5,45.8,63.5,19
air_quality,2026-05-26T10:00:00+00:00,2510911,Sevilla,ES,2026-05-24T13:00,37.3828,-5.9732,Europe/Madrid,61.0,7.8,283.7,23.2,28.8,16
air_quality,2026-05-26T10:00:00+00:00,2510911,Sevilla,ES,2026-05-24T14:00,37.3828,-5.9732,Europe/Madrid,18.3,11.6,128.2,50.2,111.1,62
air_quality,2026-05-26T10:00:00+00:00,2510911,Sevilla,ES,2026-05-24T15:00,37.3828,-5.9732,Europe/Madrid,34.1,25.9,273.2,5.9,87.3,78
air_quality,2026-05-26T10:00:00+00:00,2510911,Sevilla,ES,2026-05-24T16:00,37.3828,-5.9732,Europe/Madrid,5.4,29.4,125.3,46.0,24.6,19
air_quality,2026-05-26T10:00:00+00:00,2510911,Sevilla,ES,2026-05-24T17:00,37.3828,-5.9732,Europe/Madrid,31.8,21.1,215.9,42.7,80.7,46
air_quality,2026-05-26T10:00:00+00:00,2510911,Sevilla,ES,2026-05-24T18:00,37.3828,-5.9732,Europe/Madrid,62.4,18.6,258.0,41.3,67.4,78
air_quality,2026-05-26T10:00:00+00:00,2510911,Sevilla,ES,2026-05-24T19:00,37.3828,-5.9732,Europe/Madrid,21.5,30.4,418.7,51.7,49.5,28
air_quality,2026-05-26T10:00:00+00:00,2510911,Sevilla,ES,2026-05-24T20:00,37.3828,-5.9732,Europe/Madrid,27.4,35.7,486.1,52.7,84.8,11
air_quality,2026-05-26T10:00:00+00:00,2510911,Sevilla,ES,2026-05-24T21:00,37.3828,-5.9732,Europe/Madrid,46.5,23.1,149.3,5.3,79.7,78
air_quality,2026-05-26T10:00:00+00:00,2510911,Sevilla,ES,2026-05-24T22:00,37.3828,-5.9732,Europe/Madrid,46.1,5.2,184.0,45.8,92.6,37
air_quality,2026-05-26T10:00:00+00:00,2510911,Sevilla,ES,2026-05-24T23:00,37.3828,-5.9732,Europe/Madrid,35.9,26.5,305.0,13.9,42.1,42
air_quality,2026-05-26T10:00:00+00:00,2510911,Sevilla,ES,2026-05-25T00:00,37.3828,-5.9732,Europe/Madrid,19.6,8.9,419.9,51.9,105.1,80
air_quality,2026-05-26T10:00:00+00:00,2510911,Sevilla,ES,2026-05-25T01:00,37.3828,-5.9732,Europe/Madrid,39.6,22.9,216.3,8.7,29.8,84
air_quality,2026-05-26T10:00:00+00:00,2510911,Sevilla,ES,2026-05-25T02:00,37.3828,-5.9732,Europe/Madrid,41.5,14.6,151.3,41.1,30.0,89
air_quality,2026-05-26T10:00:00+00:00,2510911,Sevilla,ES,2026-05-25T03:00,37.3828,-5.9732,Europe/Madrid,10.2,9.4,294.3,23.1,85.9,84
air_quality,2026-05-26T10:00:00+00:00,2510911,Sevilla,ES,2026-05-25T04:00,37.3828,-5.9732,Europe/Madrid,16.4,23.5,423.1,57.7,36.9,50
air_quality,2026-05-26T10:00:00+00:00,2510911,Sevilla,ES,2026-05-25T05:00,37.3828,-5.9732,Europe/Madrid,23.5,10.4,395.9,29.0,104.0,27
air_quality,2026-05-26T10:00:00+00:00,2510911,Sevilla,ES,2026-05-25T06:00,37.3828,-5.9732,Europe/Madrid,56.0,14.6,292.0,29.5,97.5,72
air_quality,2026-05-26T10:00:00+00:00,2510911,Sevilla,ES,2026-05-25T07:00,37.3828,-5.9732,Europe/Madrid,46.4,8.7,342.7,51.3,105.9,27
air_quality,2026-05-26T10:00:00+00:00,2510911,Sevilla,ES,2026-05-25T08:00,37.3828,-5.9732,Europe/Madrid,71.8,9.5,393.4,39.5,92.7,12
air_quality,2026-05-26T10:00:00+00:00,2510911,Sevilla,ES,2026-05-25T09:00,37.3828,-5.9732,Europe/Madrid,68.7,26.0,425.1,36.8,96.9,37
air_quality,2026-05-26T10:00:00+00:00,2510911,Sevilla,ES,2026-05-25T10:00,37.3828,-5.9732,Europe/Madrid,73.0,23.0,317.4,59.9,67.2,29
air_quality,2026-05-26T10:00:00+00:00,2510911,Sevilla,ES,2026-05-25T11:00,37.3828,-5.9732,Europe/Madrid,32.4,10.5,408.9,45.3,49.1,69
air_quality,2026-05-26T10:00:00+00:00,2510911,Sevilla,ES,2026-05-25T12:00,37.3828,-5.9732,Europe/Madrid,42.6,5.4,245.5,5.6,43.9,88
air_quality,2026-05-26T10:00:00+00:00,2510911,Sevilla,ES,2026-05-25T13:00,37.3828,-5.9732,Europe/Madrid,56.3,30.8,156.1,13.8,76.6,82
air_quality,2026-05-26T10:00:00+00:00,2510911,Sevilla,ES,2026-05-25T14:00,37.3828,-5.9732,Europe/Madrid,54.5,38.8,394.4,31.6,55.9,38
air_quality,2026-05-26T10:00:00+00:00,2510911,Sevilla,ES,2026-05-25T15:00,37.3828,-5.9732,Europe/Madrid,62.1,10.8,205.7,17.9,86.9,76
air_quality,2026-05-26T10:00:00+00:00,2510911,Sevilla,ES,2026-05-25T16:00,37.3828,-5.9732,Europe/Madrid,73.1,15.7,287.9,30.0,24.6,51
air_quality,2026-05-26T10:00:00+00:00,2510911,Sevilla,ES,2026-05-25T17:00,37.3828,-5.9732,Europe/Madrid,12.7,38.8,353.4,20.0,94.2,84
air_quality,2026-05-26T10:00:00+00:00,2510911,Sevilla,ES,2026-05-25T18:00,37.3828,-5.9732,Europe/Madrid,45.8,8.6,361.5,25.1,85.3,19
air_quality,2026-05-26T10:00:00+00:00,2510911,Sevilla,ES,2026-05-25T19:00,37.3828,-5.9732,Europe/Madrid,43.7,16.3,462.9,33.4,55.3,54
air_quality,2026-05-26T10:00:00+00:00,2510911,Sevilla,ES,2026-05-25T20:00,37.3828,-5.9732,Europe/Madrid,41.5,20.3,341.7,32.6,33.9,31
air_quality,2026-05-26T10:00:00+00:00,2510911,Sevilla,ES,2026-05-25T21:00,37.3828,-5.9732,Europe/Madrid,22.2,21.6,212.3,13.3,35.7,87
air_quality,2026-05-26T10:00:00+00:00,2510911,Sevilla,ES,2026-05-25T22:00,37.3828,-5.9732,Europe/Madrid,58.8,6.5,192.1,49.6,92.0,71
air_quality,2026-05-26T10:00:00+00:00,2510911,Sevilla,ES,2026-05-25T23:00,37.3828,-5.9732,Europe/Madrid,55.6,20.2,336.3,40.6,61.1,41
air_quality,2026-05-26T10:00:00+00:00,3128026,Bilbao,ES,2026-05-21T00:00,43.2627,-2.9253,Europe/Madrid,8.2,23.8,164.5,39.6,23.9,83
air_quality,2026-05-26T10:00:00+00:00,3128026,Bilbao,ES,2026-05-21T01:00,43.2627,-2.9253,Europe/Madrid,16.0,8.3,469.0,33.4,60.5,82
air_quality,2026-05-26T10:00:00+00:00,3128026,Bilbao,ES,2026-05-21T02:00,43.2627,-2.9253,Europe/Madrid,52.8,35.4,391.2,50.2,114.7,37
air_quality,2026-05-26T10:00:00+00:00,3128026,Bilbao,ES,2026-05-21T03:00,43.2627,-2.9253,Europe/Madrid,38.7,39.7,446.9,14.4,103.0,86
air_quality,2026-05-26T10:00:00+00:00,3128026,Bilbao,ES,2026-05-21T04:00,43.2627,-2.9253,Europe/Madrid,15.7,24.1,407.0,39.3,71.1,31
air_quality,2026-05-26T10:00:00+00:00,3128026,Bilbao,ES,2026-05-21T05:00,43.2627,-2.9253,Europe/Madrid,59.3,15.0,281.4,37.5,43.0,59
air_quality,2026-05-26T10:00:00+00:00,3128026,Bilbao,ES,2026-05-21T06:00,43.2627,-2.9253,Europe/Madrid,14.9,2.6,309.1,55.0,88.4,29
air_quality,2026-05-26T10:00:00+00:00,3128026,Bilbao,ES,2026-05-21T07:00,43.2627,-2.9253,Europe/Madrid,50.4,8.7,460.6,38.0,107.8,78
air_quality,2026-05-26T10:00:00+00:00,3128026,Bilbao,ES,2026-05-21T08:00,43.2627,-2.9253,Europe/Madrid,42.7,6.5,292.9,12.2,80.3,10
air_quality,2026-05-26T10:00:00+00:00,3128026,Bilbao,ES,2026-05-21T09:00,43.2627,-2.9253,Europe/Madrid,72.3,31.4,359.7,33.7,57.0,15
air_quality,2026-05-26T10:00:00+00:00,3128026,Bilbao,ES,2026-05-21T10:00,43.2627,-2.9253,Europe/Madrid,57.3,18.3,475.4,31.5,96.9,54
air_quality,2026-05-26T10:00:00+00:00,3128026,Bilbao,ES,2026-05-21T11:00,43.2627,-2.9253,Europe/Madrid,49.2,30.2,404.6,43.3,29.8,27
air_quality,2026-05-26T10:00:00+00:00,3128026,Bilbao,ES,2026-05-21T12:00,43.2627,-2.9253,Europe/Madrid,24.1,31.1,464.0,9.6,79.8,79
air_quality,2026-05-26T10:00:00+00:00,3128026,Bilbao,ES,2026-05-21T13:00,43.2627,-2.9253,Europe/Madrid,35.6,9.2,383.7,48.4,77.8,25
air_quality,2026-05-26T10:00:00+00:00,3128026,Bilbao,ES,2026-05-21T14:00,43.2627,-2.9253,Europe/Madrid,44.0,16.3,182.2,49.2,60.9,23
air_quality,2026-05-26T10:00:00+00:00,3128026,Bilbao,ES,2026-05-21T15:00,43.2627,-2.9253,Europe/Madrid,16.6,26.8,201.5,52.0,62.4,56
air_quality,2026-05-26T10:00:00+00:00,3128026,Bilbao,ES,2026-05-21T16:00,43.2627,-2.9253,Europe/Madrid,50.9,39.7,259.0,16.2,75.2,81
air_quality,2026-05-26T10:00:00+00:00,3128026,Bilbao,ES,2026-05-21T17:00,43.2627,-2.9253,Europe/Madrid,41.2,16.1,322.0,19.0,50.7,54
air_quality,2026-05-26T10:00:00+00:00,3128026,Bilbao,ES,2026-05-21T18:00,43.2627,-2.9253,Europe/Madrid,63.1,17.1,155.2,52.5,31.9,39
air_quality,2026-05-26T10:00:00+00:00,3128026,Bilbao,ES,2026-05-21T19:00,43.2627,-2.9253,Europe/Madrid,38.5,28.6,164.7,16.8,60.1,53
air_quality,2026-05-26T10:00:00+00:00,3128026,Bilbao,ES,2026-05-21T20:00,43.2627,-2.9253,Europe/Madrid,65.1,25.3,373.8,7.9,58.9,10
air_quality,2026-05-26T10:00:00+00:00,3128026,Bilbao,ES,2026-05-21T21:00,43.2627,-2.9253,Europe/Madrid,65.3,33.3,288.7,38.0,28.8,43
air_quality,2026-05-26T10:00:00+00:00,3128026,Bilbao,ES,2026-05-21T22:00,43.2627,-2.9253,Europe/Madrid,21.6,5.0,115.1,26.1,118.4,88
air_quality,2026-05-26T10:00:00+00:00,3128026,Bilbao,ES,2026-05-21T23:00,43.2627,-2.9253,Europe/Madrid,54.2,12.9,485.4,8.2,97.4,32
air_quality,2026-05-26T10:00:00+00:00,3128026,Bilbao,ES,2026-05-22T00:00,43.2627,-2.9253,Europe/Madrid,53.0,18.7,180.7,41.1,100.4,46
air_quality,2026-05-26T10:00:00+00:00,3128026,Bilbao,ES,2026-05-22T01:00,43.2627,-2.9253,Europe/Madrid,19.6,31.8,304.2,43.4,81.5,14
air_quality,2026-05-26T10:00:00+00:00,3128026,Bilbao,ES,2026-05-22T02:00,43.2627,-2.9253,Europe/Madrid,32.0,26.9,490.3,9.8,47.6,61
air_quality,2026-05-26T10:00:00+00:00,3128026,Bilbao,ES,2026-05-22T03:00,43.2627,-2.9253,Europe/Madrid,31.5,17.0,334.4,33.5,93.7,18
air_quality,2026-05-26T10:00:00+00:00,3128026,Bilbao,ES,2026-05-22T04:00,43.2627,-2.9253,Europe/Madrid,73.9,22.9,390.5,35.8,78.3,54
air_quality,2026-05-26T10:00:00+00:00,3128026,Bilbao,ES,2026-05-22T05:00,43.2627,-2.9253,Europe/Madrid,77.2,12.5,342.5,15.7,113.0,83
air_quality,2026-05-26T10:00:00+00:00,3128026,Bilbao,ES,2026-05-22T06:00,43.2627,-2.9253,Europe/Madrid,5.3,8.7,302.5,35.7,70.3,53
air_quality,2026-05-26T10:00:00+00:00,3128026,Bilbao,ES,2026-05-22T07:00,43.2627,-2.9253,Europe/Madrid,76.0,32.5,482.7,53.2,101.3,83
air_quality,2026-05-26T10:00:00+00:00,3128026,Bilbao,ES,2026-05-22T08:00,43.2627,-2.9253,Europe/Madrid,23.8,18.8,250.8,31.6,44.3,53
air_quality,2026-05-26T10:00:00+00:00,3128026,Bilbao,ES,2026-05-22T09:00,43.2627,-2.9253,Europe/Madrid,77.1,19.4,284.3,37.3,22.7,24
air_quality,2026-05-26T10:00:00+00:00,3128026,Bilbao,ES,2026-05-22T10:00,43.2627,-2.9253,Europe/Madrid,24.3,16.5,415.5,17.1,90.1,50
air_quality,2026-05-26T10:00:00+00:00,3128026,Bilbao,ES,2026-05-22T11:00,43.2627,-2.9253,Europe/Madrid,35.9,15.4,314.3,43.5,46.3,46
air_quality,2026-05-26T10:00:00+00:00,3128026,Bilbao,ES,2026-05-22T12:00,43.2627,-2.9253,Europe/Madrid,12.0,27.6,428.4,9.2,113.1,70
air_quality,2026-05-26T10:00:00+00:00,3128026,Bilbao,ES,2026-05-22T13:00,43.2627,-2.9253,Europe/Madrid,28.5,10.3,329.5,15.1,94.6,34
air_quality,2026-05-26T10:00:00+00:00,3128026,Bilbao,ES,2026-05-22T14:00,43.2627,-2.9253,Europe/Madrid,42.4,9.6,394.2,53.0,40.7,35
air_quality,2026-05-26T10:00:00+00:00,3128026,Bilbao,ES,2026-05-22T15:00,43.2627,-2.9253,Europe/Madrid,67.6,33.8,242.4,47.8,32.0,20
air_quality,2026-05-26T10:00:00+00:00,3128026,Bilbao,ES,2026-05-22T16:00,43.2627,-2.9253,Europe/Madrid,55.7,27.2,345.5,47.0,74.1,15
air_quality,2026-05-26T10:00:00+00:00,3128026,Bilbao,ES,2026-05-22T17:00,43.2627,-2.9253,Europe/Madrid,68.6,16.1,226.2,54.4,108.1,83
air_quality,2026-05-26T10:00:00+00:00,3128026,Bilbao,ES,2026-05-22T18:00,43.2627,-2.9253,Europe/Madrid,70.2,20.7,493.8,55.4,48.0,38
air_quality,2026-05-26T10:00:00+00:00,3128026,Bilbao,ES,2026-05-22T19:00,43.2627,-2.9253,Europe/Madrid,61.3,6.9,310.3,28.3,114.0,14
air_quality,2026-05-26T10:00:00+00:00,3128026,Bilbao,ES,2026-05-22T20:00,43.2627,-2.9253,Europe/Madrid,42.7,17.0,374.5,14.6,117.7,76
air_quality,2026-05-26T10:00:00+00:00,3128026,Bilbao,ES,2026-05-22T21:00,43.2627,-2.9253,Europe/Madrid,39.5,28.2,104.7,16.6,78.1,51
air_quality,2026-05-26T10:00:00+00:00,3128026,Bilbao,ES,2026-05-22T22:00,43.2627,-2.9253,Europe/Madrid,32.1,34.7,174.9,19.5,46.9,88
air_quality,2026-05-26T10:00:00+00:00,3128026,Bilbao,ES,2026-05-22T23:00,43.2627,-2.9253,Europe/Madrid,30.7,9.0,269.6,28.1,95.2,56
air_quality,2026-05-26T10:00:00+00:00,3128026,Bilbao,ES,2026-05-23T00:00,43.2627,-2.9253,Europe/Madrid,69.1,12.6,172.0,12.2,77.6,39
air_quality,2026-05-26T10:00:00+00:00,3128026,Bilbao,ES,2026-05-23T01:00,43.2627,-2.9253,Europe/Madrid,66.1,29.4,421.6,35.5,105.6,35
air_quality,2026-05-26T10:00:00+00:00,3128026,Bilbao,ES,2026-05-23T02:00,43.2627,-2.9253,Europe/Madrid,15.9,38.4,159.8,49.3,37.7,73
air_quality,2026-05-26T10:00:00+00:00,3128026,Bilbao,ES,2026-05-23T03:00,43.2627,-2.9253,Europe/Madrid,15.1,35.9,352.3,34.4,51.6,72
air_quality,2026-05-26T10:00:00+00:00,3128026,Bilbao,ES,2026-05-23T04:00,43.2627,-2.9253,Europe/Madrid,27.5,23.4,327.1,26.9,89.1,17
air_quality,2026-05-26T10:00:00+00:00,3128026,Bilbao,ES,2026-05-23T05:00,43.2627,-2.9253,Europe/Madrid,21.2,11.7,435.6,10.3,94.5,43
air_quality,2026-05-26T10:00:00+00:00,3128026,Bilbao,ES,2026-05-23T06:00,43.2627,-2.9253,Europe/Madrid,32.1,23.3,472.7,19.2,22.0,25
air_quality,2026-05-26T10:00:00+00:00,3128026,Bilbao,ES,2026-05-23T07:00,43.2627,-2.9253,Europe/Madrid,31.3,27.8,342.2,36.7,85.0,78
air_quality,2026-05-26T10:00:00+00:00,3128026,Bilbao,ES,2026-05-23T08:00,43.2627,-2.9253,Europe/Madrid,18.1,31.7,242.0,42.0,68.7,67
air_quality,2026-05-26T10:00:00+00:00,3128026,Bilbao,ES,2026-05-23T09:00,43.2627,-2.9253,Europe/Madrid,71.7,16.5,214.6,39.7,34.5,31
air_quality,2026-05-26T10:00:00+00:00,3128026,Bilbao,ES,2026-05-23T10:00,43.2627,-2.9253,Europe/Madrid,53.0,37.3,268.7,38.7,60.5,19
air_quality,2026-05-26T10:00:00+00:00,3128026,Bilbao,ES,2026-05-23T11:00,43.2627,-2.9253,Europe/Madrid,10.9,15.1,225.4,40.9,91.0,87
air_quality,2026-05-26T10:00:00+00:00,3128026,Bilbao,ES,2026-05-23T12:00,43.2627,-2.9253,Europe/Madrid,53.3,12.3,278.0,52.5,56.3,85
air_quality,2026-05-26T10:00:00+00:00,3128026,Bilbao,ES,2026-05-23T13:00,43.2627,-2.9253,Europe/Madrid,44.1,19.1,166.9,52.0,32.5,40
air_quality,2026-05-26T10:00:00+00:00,3128026,Bilbao,ES,2026-05-23T14:00,43.2627,-2.9253,Europe/Madrid,54.7,37.7,380.3,9.4,36.7,23
air_quality,2026-05-26T10:00:00+00:00,3128026,Bilbao,ES,2026-05-23T15:00,43.2627,-2.9253,Europe/Madrid,12.2,37.6,289.3,8.0,97.1,77
air_quality,2026-05-26T10:00:00+00:00,3128026,Bilbao,ES,2026-05-23T16:00,43.2627,-2.9253,Europe/Madrid,62.4,5.2,205.0,13.5,85.5,59
air_quality,2026-05-26T10:00:00+00:00,3128026,Bilbao,ES,2026-05-23T17:00,43.2627,-2.9253,Europe/Madrid,28.2,11.4,213.7,39.5,33.1,31
air_quality,2026-05-26T10:00:00+00:00,3128026,Bilbao,ES,2026-05-23T18:00,43.2627,-2.9253,Europe/Madrid,7.1,27.2,444.1,22.9,67.6,79
air_quality,2026-05-26T10:00:00+00:00,3128026,Bilbao,ES,2026-05-23T19:00,43.2627,-2.9253,Europe/Madrid,75.1,22.8,154.0,57.2,73.9,85
air_quality,2026-05-26T10:00:00+00:00,3128026,Bilbao,ES,2026-05-23T20:00,43.2627,-2.9253,Europe/Madrid,49.8,26.0,354.3,36.0,72.3,78
air_quality,2026-05-26T10:00:00+00:00,3128026,Bilbao,ES,2026-05-23T21:00,43.2627,-2.9253,Europe/Madrid,28.2,15.2,315.9,49.3,64.2,56
air_quality,2026-05-26T10:00:00+00:00,3128026,Bilbao,ES,2026-05-23T22:00,43.2627,-2.9253,Europe/Madrid,35.9,7.9,104.2,33.8,95.8,27
air_quality,2026-05-26T10:00:00+00:00,3128026,Bilbao,ES,2026-05-23T23:00,43.2627,-2.9253,Europe/Madrid,30.8,19.8,103.3,55.7,114.7,71
air_quality,2026-05-26T10:00:00+00:00,3128026,Bilbao,ES,2026-05-24T00:00,43.2627,-2.9253,Europe/Madrid,27.5,31.1,419.2,37.8,99.7,80
air_quality,2026-05-26T10:00:00+00:00,3128026,Bilbao,ES,2026-05-24T01:00,43.2627,-2.9253,Europe/Madrid,33.0,17.6,324.2,26.7,36.3,59
air_quality,2026-05-26T10:00:00+00:00,3128026,Bilbao,ES,2026-05-24T02:00,43.2627,-2.9253,Europe/Madrid,67.1,10.4,131.7,39.4,71.7,88
air_quality,2026-05-26T10:00:00+00:00,3128026,Bilbao,ES,2026-05-24T03:00,43.2627,-2.9253,Europe/Madrid,65.6,28.0,213.9,45.9,100.9,62
air_quality,2026-05-26T10:00:00+00:00,3128026,Bilbao,ES,2026-05-24T04:00,43.2627,-2.9253,Europe/Madrid,19.1,4.6,154.6,11.1,65.5,67
air_quality,2026-05-26T10:00:00+00:00,3128026,Bilbao,ES,2026-05-24T05:00,43.2627,-2.9253,Europe/Madrid,25.4,25.7,175.1,6.1,25.0,78
air_quality,2026-05-26T10:00:00+00:00,3128026,Bilbao,ES,2026-05-24T06:00,43.2627,-2.9253,Europe/Madrid,6.7,38.9,212.8,11.9,63.8,11
air_quality,2026-05-26T10:00:00+00:00,3128026,Bilbao,ES,2026-05-24T07:00,43.2627,-2.9253,Europe/Madrid,22.5,7.7,297.4,23.8,51.2,73
air_quality,2026-05-26T10:00:00+00:00,3128026,Bilbao,ES,2026-05-24T08:00,43.2627,-2.9253,Europe/Madrid,79.8,19.6,416.6,23.2,104.4,28
air_quality,2026-05-26T10:00:00+00:00,3128026,Bilbao,ES,2026-05-24T09:00,43.2627,-2.9253,Europe/Madrid,9.2,31.5,128.6,30.9,39.2,42
air_quality,2026-05-26T10:00:00+00:00,3128026,Bilbao,ES,2026-05-24T10:00,43.2627,-2.9253,Europe/Madrid,66.3,33.5,148.8,47.2,44.9,66
air_quality,2026-05-26T10:00:00+00:00,3128026,Bilbao,ES,2026-05-24T11:00,43.2627,-2.9253,Europe/Madrid,23.5,39.8,179.7,45.4,29.4,36
air_quality,2026-05-26T10:00:00+00:00,3128026,Bilbao,ES,2026-05-24T12:00,43.2627,-2.9253,Europe/Madrid,40.5,27.9,224.8,22.8,82.9,15
air_quality,2026-05-26T10:00:00+00:00,3128026,Bilbao,ES,2026-05-24T13:00,43.2627,-2.9253,Europe/Madrid,60.9,22.9,148.9,31.5,49.9,56
air_quality,2026-05-26T10:00:00+00:00,3128026,Bilbao,ES,2026-05-24T14:00,43.2627,-2.9253,Europe/Madrid,71.6,34.8,187.1,11.2,83.3,51
air_quality,2026-05-26T10:00:00+00:00,3128026,Bilbao,ES,2026-05-24T15:00,43.2627,-2.9253,Europe/Madrid,6.1,32.2,333.9,26.8,44.3,15
air_quality,2026-05-26T10:00:00+00:00,3128026,Bilbao,ES,2026-05-24T16:00,43.2627,-2.9253,Europe/Madrid,48.6,28.2,375.4,13.5,97.1,41
air_quality,2026-05-26T10:00:00+00:00,3128026,Bilbao,ES,2026-05-24T17:00,43.2627,-2.9253,Europe/Madrid,16.8,5.5,347.5,56.2,119.7,90
air_quality,2026-05-26T10:00:00+00:00,3128026,Bilbao,ES,2026-05-24T18:00,43.2627,-2.9253,Europe/Madrid,9.5,15.5,161.6,34.5,30.7,72
air_quality,2026-05-26T10:00:00+00:00,3128026,Bilbao,ES,2026-05-24T19:00,43.2627,-2.9253,Europe/Madrid,22.5,39.3,415.4,46.6,100.6,66
air_quality,2026-05-26T10:00:00+00:00,3128026,Bilbao,ES,2026-05-24T20:00,43.2627,-2.9253,Europe/Madrid,60.0,2.8,251.1,44.8,45.1,15
air_quality,2026-05-26T10:00:00+00:00,3128026,Bilbao,ES,2026-05-24T21:00,43.2627,-2.9253,Europe/Madrid,41.4,18.6,217.9,43.3,39.0,33
air_quality,2026-05-26T10:00:00+00:00,3128026,Bilbao,ES,2026-05-24T22:00,43.2627,-2.9253,Europe/Madrid,45.8,14.3,287.4,52.7,79.9,80
air_quality,2026-05-26T10:00:00+00:00,3128026,Bilbao,ES,2026-05-24T23:00,43.2627,-2.9253,Europe/Madrid,17.0,22.2,279.8,50.1,74.2,68
air_quality,2026-05-26T10:00:00+00:00,3128026,Bilbao,ES,2026-05-25T00:00,43.2627,-2.9253,Europe/Madrid,5.1,26.2,251.6,15.2,21.9,56
air_quality,2026-05-26T10:00:00+00:00,3128026,Bilbao,ES,2026-05-25T01:00,43.2627,-2.9253,Europe/Madrid,63.2,11.1,388.4,41.2,73.9,59
air_quality,2026-05-26T10:00:00+00:00,3128026,Bilbao,ES,2026-05-25T02:00,43.2627,-2.9253,Europe/Madrid,19.2,28.0,406.3,13.5,48.3,62
air_quality,2026-05-26T10:00:00+00:00,3128026,Bilbao,ES,2026-05-25T03:00,43.2627,-2.9253,Europe/Madrid,53.1,6.2,309.3,8.7,103.5,26
air_quality,2026-05-26T10:00:00+00:00,3128026,Bilbao,ES,2026-05-25T04:00,43.2627,-2.9253,Europe/Madrid,18.4,3.2,142.8,15.5,23.2,59
air_quality,2026-05-26T10:00:00+00:00,3128026,Bilbao,ES,2026-05-25T05:00,43.2627,-2.9253,Europe/Madrid,54.3,22.0,380.5,19.1,56.6,87
air_quality,2026-05-26T10:00:00+00:00,3128026,Bilbao,ES,2026-05-25T06:00,43.2627,-2.9253,Europe/Madrid,58.8,2.5,468.4,41.1,112.8,20
air_quality,2026-05-26T10:00:00+00:00,3128026,Bilbao,ES,2026-05-25T07:00,43.2627,-2.9253,Europe/Madrid,40.1,26.3,244.4,45.9,109.0,57
air_quality,2026-05-26T10:00:00+00:00,3128026,Bilbao,ES,2026-05-25T08:00,43.2627,-2.9253,Europe/Madrid,64.6,4.2,346.8,34.1,93.4,48
air_quality,2026-05-26T10:00:00+00:00,3128026,Bilbao,ES,2026-05-25T09:00,43.2627,-2.9253,Europe/Madrid,10.8,10.2,307.8,10.6,43.1,59
air_quality,2026-05-26T10:00:00+00:00,3128026,Bilbao,ES,2026-05-25T10:00,43.2627,-2.9253,Europe/Madrid,19.2,22.0,199.5,39.4,37.9,81
air_quality,2026-05-26T10:00:00+00:00,3128026,Bilbao,ES,2026-05-25T11:00,43.2627,-2.9253,Europe/Madrid,36.1,6.0,355.4,24.7,65.9,64
air_quality,2026-05-26T10:00:00+00:00,3128026,Bilbao,ES,2026-05-25T12:00,43.2627,-2.9253,Europe/Madrid,71.2,8.3,172.2,27.1,53.8,30
air_quality,2026-05-26T10:00:00+00:00,3128026,Bilbao,ES,2026-05-25T13:00,43.2627,-2.9253,Europe/Madrid,45.0,24.8,473.4,54.6,75.0,51
air_quality,2026-05-26T10:00:00+00:00,3128026,Bilbao,ES,2026-05-25T14:00,43.2627,-2.9253,Europe/Madrid,68.4,17.7,353.3,50.4,52.3,40
air_quality,2026-05-26T10:00:00+00:00,3128026,Bilbao,ES,2026-05-25T15:00,43.2627,-2.9253,Europe/Madrid,47.2,10.1,406.3,55.9,45.4,67
air_quality,2026-05-26T10:00:00+00:00,3128026,Bilbao,ES,2026-05-25T16:00,43.2627,-2.9253,Europe/Madrid,38.6,17.1,390.5,59.1,79.6,76
air_quality,2026-05-26T10:00:00+00:00,3128026,Bilbao,ES,2026-05-25T17:00,43.2627,-2.9253,Europe/Madrid,15.1,35.8,102.6,59.1,41.5,50
air_quality,2026-05-26T10:00:00+00:00,3128026,Bilbao,ES,2026-05-25T18:00,43.2627,-2.9253,Europe/Madrid,6.6,33.2,375.9,20.2,75.4,81
air_quality,2026-05-26T10:00:00+00:00,3128026,Bilbao,ES,2026-05-25T19:00,43.2627,-2.9253,Europe/Madrid,47.8,23.7,137.7,30.3,35.6,43
air_quality,2026-05-26T10:00:00+00:00,3128026,Bilbao,ES,2026-05-25T20:00,43.2627,-2.9253,Europe/Madrid,32.5,24.1,193.2,49.6,29.2,61
air_quality,2026-05-26T10:00:00+00:00,3128026,Bilbao,ES,2026-05-25T21:00,43.2627,-2.9253,Europe/Madrid,47.7,10.3,130.9,22.9,68.3,72
air_quality,2026-05-26T10:00:00+00:00,3128026,Bilbao,ES,2026-05-25T22:00,43.2627,-2.9253,Europe/Madrid,66.9,28.2,330.5,54.9,79.5,48
air_quality,2026-05-26T10:00:00+00:00,3128026,Bilbao,ES,2026-05-25T23:00,43.2627,-2.9253,Europe/Madrid,7.8,32.7,252.6,47.9,112.2,52
